,index,decoder,test_context,train_context,on_off,fold,mse,date
0,0,tcfnn,Normal,Mixed,mix,0,0.18478987054932244,2022-05-31
1,1,rr,Normal,Mixed,mix,0,0.2669679331645473,2022-05-31
2,2,tcfnn,Normal,Mixed_Full,mix,0,0.18152875403836793,2022-05-31
3,3,rr,Normal,Mixed_Full,mix,0,0.2545433313151492,2022-05-31
4,4,tcfnn,Normal,Normal,on,0,0.18564875557695848,2022-05-31
5,5,rr,Normal,Normal,on,0,0.2565648743812464,2022-05-31
6,6,tcfnn,Normal,Wrist,off,0,0.23732069149921242,2022-05-31
7,7,rr,Normal,Wrist,off,0,0.3043991210466343,2022-05-31
8,8,tcfnn,Normal,SprWrst,off,0,0.2205128539020192,2022-05-31
9,9,rr,Normal,SprWrst,off,0,0.29611100563765896,2022-05-31
10,10,tcfnn,Normal,Spring,off,0,0.1864177326820956,2022-05-31
11,11,rr,Normal,Spring,off,0,0.2666521672657497,2022-05-31
12,12,tcfnn,Spring,Mixed,mix,0,0.2615062339528557,2022-05-31
13,13,rr,Spring,Mixed,mix,0,0.3444348759180424,2022-05-31
14,14,tcfnn,Spring,Mixed_Full,mix,0,0.26061140243421915,2022-05-31
15,15,rr,Spring,Mixed_Full,mix,0,0.3354591534026087,2022-05-31
16,16,tcfnn,Spring,Normal,off,0,0.2581950353108688,2022-05-31
17,17,rr,Spring,Normal,off,0,0.3476118952059901,2022-05-31
18,18,tcfnn,Spring,Wrist,off,0,0.3541304646161283,2022-05-31
19,19,rr,Spring,Wrist,off,0,0.3938827369393318,2022-05-31
20,20,tcfnn,Spring,SprWrst,off,0,0.2803364496474079,2022-05-31
21,21,rr,Spring,SprWrst,off,0,0.3692589593270875,2022-05-31
22,22,tcfnn,Spring,Spring,on,0,0.22166747839725545,2022-05-31
23,23,rr,Spring,Spring,on,0,0.33488666390624844,2022-05-31
24,24,tcfnn,Wrist,Mixed,mix,0,0.26841533249791427,2022-05-31
25,25,rr,Wrist,Mixed,mix,0,0.35675958054794565,2022-05-31
26,26,tcfnn,Wrist,Mixed_Full,mix,0,0.26712465384436357,2022-05-31
27,27,rr,Wrist,Mixed_Full,mix,0,0.3473795158385377,2022-05-31
28,28,tcfnn,Wrist,Normal,off,0,0.3192676912574822,2022-05-31
29,29,rr,Wrist,Normal,off,0,0.3814417665747684,2022-05-31
30,30,tcfnn,Wrist,Wrist,on,0,0.2760906904638113,2022-05-31
31,31,rr,Wrist,Wrist,on,0,0.34498248421269206,2022-05-31
32,32,tcfnn,Wrist,SprWrst,off,0,0.32455579148543,2022-05-31
33,33,rr,Wrist,SprWrst,off,0,0.40265596482084615,2022-05-31
34,34,tcfnn,Wrist,Spring,off,0,0.3254534629488203,2022-05-31
35,35,rr,Wrist,Spring,off,0,0.3899851395708733,2022-05-31
36,36,tcfnn,SprWrst,Mixed,mix,0,0.27063412445171864,2022-05-31
37,37,rr,SprWrst,Mixed,mix,0,0.35390703602531065,2022-05-31
38,38,tcfnn,SprWrst,Mixed_Full,mix,0,0.26538851725510465,2022-05-31
39,39,rr,SprWrst,Mixed_Full,mix,0,0.3469765241258919,2022-05-31
40,40,tcfnn,SprWrst,Normal,off,0,0.30583258704834765,2022-05-31
41,41,rr,SprWrst,Normal,off,0,0.3720751828332363,2022-05-31
42,42,tcfnn,SprWrst,Wrist,off,0,0.38189637015433425,2022-05-31
43,43,rr,SprWrst,Wrist,off,0,0.4202801436035871,2022-05-31
44,44,tcfnn,SprWrst,SprWrst,on,0,0.24985186161517314,2022-05-31
45,45,rr,SprWrst,SprWrst,on,0,0.3391177530263977,2022-05-31
46,46,tcfnn,SprWrst,Spring,off,0,0.27449554997526593,2022-05-31
47,47,rr,SprWrst,Spring,off,0,0.3647484320382942,2022-05-31
48,48,tcfnn,Normal,Mixed,mix,1,0.1798474670600023,2022-05-31
49,49,rr,Normal,Mixed,mix,1,0.26728861517000835,2022-05-31
50,50,tcfnn,Normal,Mixed_Full,mix,1,0.17178389480965484,2022-05-31
51,51,rr,Normal,Mixed_Full,mix,1,0.255018483159771,2022-05-31
52,52,tcfnn,Normal,Normal,on,1,0.18007092923560553,2022-05-31
53,53,rr,Normal,Normal,on,1,0.2569960531761478,2022-05-31
54,54,tcfnn,Normal,Wrist,off,1,0.23813818915189444,2022-05-31
55,55,rr,Normal,Wrist,off,1,0.3042234925954468,2022-05-31
56,56,tcfnn,Normal,SprWrst,off,1,0.2427300508107986,2022-05-31
57,57,rr,Normal,SprWrst,off,1,0.29643544167802954,2022-05-31
58,58,tcfnn,Normal,Spring,off,1,0.20427695124205744,2022-05-31
59,59,rr,Normal,Spring,off,1,0.26772509936810995,2022-05-31
60,60,tcfnn,Spring,Mixed,mix,1,0.23849751122109283,2022-05-31
61,61,rr,Spring,Mixed,mix,1,0.345652022738643,2022-05-31
62,62,tcfnn,Spring,Mixed_Full,mix,1,0.24523000572235581,2022-05-31
63,63,rr,Spring,Mixed_Full,mix,1,0.3358704613818113,2022-05-31
64,64,tcfnn,Spring,Normal,off,1,0.25206733601646736,2022-05-31
65,65,rr,Spring,Normal,off,1,0.34934401095634837,2022-05-31
66,66,tcfnn,Spring,Wrist,off,1,0.3617102904282307,2022-05-31
67,67,rr,Spring,Wrist,off,1,0.396106980800489,2022-05-31
68,68,tcfnn,Spring,SprWrst,off,1,0.27226921966115797,2022-05-31
69,69,rr,Spring,SprWrst,off,1,0.36868713182708585,2022-05-31
70,70,tcfnn,Spring,Spring,on,1,0.22426161631098449,2022-05-31
71,71,rr,Spring,Spring,on,1,0.33480030073148714,2022-05-31
72,72,tcfnn,Wrist,Mixed,mix,1,0.2660262046484262,2022-05-31
73,73,rr,Wrist,Mixed,mix,1,0.3583889024495912,2022-05-31
74,74,tcfnn,Wrist,Mixed_Full,mix,1,0.253929035772917,2022-05-31
75,75,rr,Wrist,Mixed_Full,mix,1,0.3473154142906566,2022-05-31
76,76,tcfnn,Wrist,Normal,off,1,0.3007642072114928,2022-05-31
77,77,rr,Wrist,Normal,off,1,0.38646021130610514,2022-05-31
78,78,tcfnn,Wrist,Wrist,on,1,0.2721315684010211,2022-05-31
79,79,rr,Wrist,Wrist,on,1,0.34390780713898317,2022-05-31
80,80,tcfnn,Wrist,SprWrst,off,1,0.3554406560585246,2022-05-31
81,81,rr,Wrist,SprWrst,off,1,0.40406094344654064,2022-05-31
82,82,tcfnn,Wrist,Spring,off,1,0.3638936070328647,2022-05-31
83,83,rr,Wrist,Spring,off,1,0.3896355951101772,2022-05-31
84,84,tcfnn,SprWrst,Mixed,mix,1,0.26085861127078463,2022-05-31
85,85,rr,SprWrst,Mixed,mix,1,0.35339365342119644,2022-05-31
86,86,tcfnn,SprWrst,Mixed_Full,mix,1,0.2548580497055479,2022-05-31
87,87,rr,SprWrst,Mixed_Full,mix,1,0.34680008235552656,2022-05-31
88,88,tcfnn,SprWrst,Normal,off,1,0.29365410595895014,2022-05-31
89,89,rr,SprWrst,Normal,off,1,0.3753969435076702,2022-05-31
90,90,tcfnn,SprWrst,Wrist,off,1,0.3711934722970003,2022-05-31
91,91,rr,SprWrst,Wrist,off,1,0.41962775086451826,2022-05-31
92,92,tcfnn,SprWrst,SprWrst,on,1,0.2444256950152681,2022-05-31
93,93,rr,SprWrst,SprWrst,on,1,0.33923637358771586,2022-05-31
94,94,tcfnn,SprWrst,Spring,off,1,0.28466022004565134,2022-05-31
95,95,rr,SprWrst,Spring,off,1,0.3663499365322148,2022-05-31
96,96,tcfnn,Normal,Mixed,mix,2,0.18517357278791444,2022-05-31
97,97,rr,Normal,Mixed,mix,2,0.264266352425947,2022-05-31
98,98,tcfnn,Normal,Mixed_Full,mix,2,0.17548081362858847,2022-05-31
99,99,rr,Normal,Mixed_Full,mix,2,0.25432300524318147,2022-05-31
100,100,tcfnn,Normal,Normal,on,2,0.2045936348732556,2022-05-31
101,101,rr,Normal,Normal,on,2,0.2565909506934828,2022-05-31
102,102,tcfnn,Normal,Wrist,off,2,0.23166215180821978,2022-05-31
103,103,rr,Normal,Wrist,off,2,0.3049236695123976,2022-05-31
104,104,tcfnn,Normal,SprWrst,off,2,0.23580541021545376,2022-05-31
105,105,rr,Normal,SprWrst,off,2,0.29542640845511325,2022-05-31
106,106,tcfnn,Normal,Spring,off,2,0.18966059040031796,2022-05-31
107,107,rr,Normal,Spring,off,2,0.2677753741676323,2022-05-31
108,108,tcfnn,Spring,Mixed,mix,2,0.246467524069954,2022-05-31
109,109,rr,Spring,Mixed,mix,2,0.3437261611900161,2022-05-31
110,110,tcfnn,Spring,Mixed_Full,mix,2,0.23989532589670837,2022-05-31
111,111,rr,Spring,Mixed_Full,mix,2,0.334361048212466,2022-05-31
112,112,tcfnn,Spring,Normal,off,2,0.2856368381760244,2022-05-31
113,113,rr,Spring,Normal,off,2,0.3463057203603122,2022-05-31
114,114,tcfnn,Spring,Wrist,off,2,0.3386849195075755,2022-05-31
115,115,rr,Spring,Wrist,off,2,0.3938357316353796,2022-05-31
116,116,tcfnn,Spring,SprWrst,off,2,0.2960445699423193,2022-05-31
117,117,rr,Spring,SprWrst,off,2,0.3720320071607324,2022-05-31
118,118,tcfnn,Spring,Spring,on,2,0.22332767381961682,2022-05-31
119,119,rr,Spring,Spring,on,2,0.3347391802219947,2022-05-31
120,120,tcfnn,Wrist,Mixed,mix,2,0.2872347947360521,2022-05-31
121,121,rr,Wrist,Mixed,mix,2,0.3560424887124698,2022-05-31
122,122,tcfnn,Wrist,Mixed_Full,mix,2,0.25989027734731635,2022-05-31
123,123,rr,Wrist,Mixed_Full,mix,2,0.34719259308802375,2022-05-31
124,124,tcfnn,Wrist,Normal,off,2,0.3499919879717392,2022-05-31
125,125,rr,Wrist,Normal,off,2,0.3838383262851486,2022-05-31
126,126,tcfnn,Wrist,Wrist,on,2,0.2570037127118449,2022-05-31
127,127,rr,Wrist,Wrist,on,2,0.3440266257609606,2022-05-31
128,128,tcfnn,Wrist,SprWrst,off,2,0.3373692677573461,2022-05-31
129,129,rr,Wrist,SprWrst,off,2,0.4037445715391844,2022-05-31
130,130,tcfnn,Wrist,Spring,off,2,0.3196695469767951,2022-05-31
131,131,rr,Wrist,Spring,off,2,0.38947279354449055,2022-05-31
132,132,tcfnn,SprWrst,Mixed,mix,2,0.2698381395249964,2022-05-31
133,133,rr,SprWrst,Mixed,mix,2,0.35579731852843743,2022-05-31
134,134,tcfnn,SprWrst,Mixed_Full,mix,2,0.2560851491977259,2022-05-31
135,135,rr,SprWrst,Mixed_Full,mix,2,0.34637137371253346,2022-05-31
136,136,tcfnn,SprWrst,Normal,off,2,0.33181973905971496,2022-05-31
137,137,rr,SprWrst,Normal,off,2,0.3742220748964304,2022-05-31
138,138,tcfnn,SprWrst,Wrist,off,2,0.36756965169950884,2022-05-31
139,139,rr,SprWrst,Wrist,off,2,0.4234599736511098,2022-05-31
140,140,tcfnn,SprWrst,SprWrst,on,2,0.26465187448239286,2022-05-31
141,141,rr,SprWrst,SprWrst,on,2,0.33656898309774674,2022-05-31
142,142,tcfnn,SprWrst,Spring,off,2,0.2802952673610818,2022-05-31
143,143,rr,SprWrst,Spring,off,2,0.3669217458096933,2022-05-31
144,144,tcfnn,Normal,Mixed,mix,3,0.17984717147156687,2022-05-31
145,145,rr,Normal,Mixed,mix,3,0.2633926269573534,2022-05-31
146,146,tcfnn,Normal,Mixed_Full,mix,3,0.1855632947538929,2022-05-31
147,147,rr,Normal,Mixed_Full,mix,3,0.2554898012645243,2022-05-31
148,148,tcfnn,Normal,Normal,on,3,0.1801402433200342,2022-05-31
149,149,rr,Normal,Normal,on,3,0.2565460406062137,2022-05-31
150,150,tcfnn,Normal,Wrist,off,3,0.24416761651909077,2022-05-31
151,151,rr,Normal,Wrist,off,3,0.3035340315008922,2022-05-31
152,152,tcfnn,Normal,SprWrst,off,3,0.23361664832052517,2022-05-31
153,153,rr,Normal,SprWrst,off,3,0.29490488263967984,2022-05-31
154,154,tcfnn,Normal,Spring,off,3,0.20346723584159063,2022-05-31
155,155,rr,Normal,Spring,off,3,0.27055840270626,2022-05-31
156,156,tcfnn,Spring,Mixed,mix,3,0.25343519774366763,2022-05-31
157,157,rr,Spring,Mixed,mix,3,0.34126557514652794,2022-05-31
158,158,tcfnn,Spring,Mixed_Full,mix,3,0.2521929075244841,2022-05-31
159,159,rr,Spring,Mixed_Full,mix,3,0.3347951060502137,2022-05-31
160,160,tcfnn,Spring,Normal,off,3,0.25286644322030044,2022-05-31
161,161,rr,Spring,Normal,off,3,0.3472657978132182,2022-05-31
162,162,tcfnn,Spring,Wrist,off,3,0.3561354686031701,2022-05-31
163,163,rr,Spring,Wrist,off,3,0.3928109313642631,2022-05-31
164,164,tcfnn,Spring,SprWrst,off,3,0.27470318392130877,2022-05-31
165,165,rr,Spring,SprWrst,off,3,0.36796172468951605,2022-05-31
166,166,tcfnn,Spring,Spring,on,3,0.22655379082023316,2022-05-31
167,167,rr,Spring,Spring,on,3,0.33255965009453753,2022-05-31
168,168,tcfnn,Wrist,Mixed,mix,3,0.2620188383832725,2022-05-31
169,169,rr,Wrist,Mixed,mix,3,0.35399390523155594,2022-05-31
170,170,tcfnn,Wrist,Mixed_Full,mix,3,0.2813424603866679,2022-05-31
171,171,rr,Wrist,Mixed_Full,mix,3,0.3463552989851732,2022-05-31
172,172,tcfnn,Wrist,Normal,off,3,0.3195661455334518,2022-05-31
173,173,rr,Wrist,Normal,off,3,0.3835770927265603,2022-05-31
174,174,tcfnn,Wrist,Wrist,on,3,0.28176402335314205,2022-05-31
175,175,rr,Wrist,Wrist,on,3,0.3426986062105254,2022-05-31
176,176,tcfnn,Wrist,SprWrst,off,3,0.34218746748064055,2022-05-31
177,177,rr,Wrist,SprWrst,off,3,0.4004454605308781,2022-05-31
178,178,tcfnn,Wrist,Spring,off,3,0.34087539721784826,2022-05-31
179,179,rr,Wrist,Spring,off,3,0.3902198833005048,2022-05-31
180,180,tcfnn,SprWrst,Mixed,mix,3,0.28003213309974306,2022-05-31
181,181,rr,SprWrst,Mixed,mix,3,0.35812821945097184,2022-05-31
182,182,tcfnn,SprWrst,Mixed_Full,mix,3,0.2722102731690915,2022-05-31
183,183,rr,SprWrst,Mixed_Full,mix,3,0.3458138267918496,2022-05-31
184,184,tcfnn,SprWrst,Normal,off,3,0.3135321641552729,2022-05-31
185,185,rr,SprWrst,Normal,off,3,0.3735715335269973,2022-05-31
186,186,tcfnn,SprWrst,Wrist,off,3,0.36988689542466224,2022-05-31
187,187,rr,SprWrst,Wrist,off,3,0.41815267333680056,2022-05-31
188,188,tcfnn,SprWrst,SprWrst,on,3,0.24944477352221897,2022-05-31
189,189,rr,SprWrst,SprWrst,on,3,0.3371965945161415,2022-05-31
190,190,tcfnn,SprWrst,Spring,off,3,0.2887633495227777,2022-05-31
191,191,rr,SprWrst,Spring,off,3,0.3632996669058168,2022-05-31
192,192,tcfnn,Normal,Mixed,mix,4,0.18562133813415596,2022-05-31
193,193,rr,Normal,Mixed,mix,4,0.26203556819349144,2022-05-31
194,194,tcfnn,Normal,Mixed_Full,mix,4,0.16897612183820832,2022-05-31
195,195,rr,Normal,Mixed_Full,mix,4,0.25432140266879694,2022-05-31
196,196,tcfnn,Normal,Normal,on,4,0.20209212586460462,2022-05-31
197,197,rr,Normal,Normal,on,4,0.2558249338217449,2022-05-31
198,198,tcfnn,Normal,Wrist,off,4,0.24389950163826607,2022-05-31
199,199,rr,Normal,Wrist,off,4,0.3038736852718653,2022-05-31
200,200,tcfnn,Normal,SprWrst,off,4,0.23422763170159766,2022-05-31
201,201,rr,Normal,SprWrst,off,4,0.29402277933414844,2022-05-31
202,202,tcfnn,Normal,Spring,off,4,0.19047619903673046,2022-05-31
203,203,rr,Normal,Spring,off,4,0.2669175608535777,2022-05-31
204,204,tcfnn,Spring,Mixed,mix,4,0.2611266193826179,2022-05-31
205,205,rr,Spring,Mixed,mix,4,0.3437878499388717,2022-05-31
206,206,tcfnn,Spring,Mixed_Full,mix,4,0.2420339154560686,2022-05-31
207,207,rr,Spring,Mixed_Full,mix,4,0.3351580298630674,2022-05-31
208,208,tcfnn,Spring,Normal,off,4,0.29026990529085606,2022-05-31
209,209,rr,Spring,Normal,off,4,0.3453873988588647,2022-05-31
210,210,tcfnn,Spring,Wrist,off,4,0.35827082873995475,2022-05-31
211,211,rr,Spring,Wrist,off,4,0.3961198111567154,2022-05-31
212,212,tcfnn,Spring,SprWrst,off,4,0.2689479729134263,2022-05-31
213,213,rr,Spring,SprWrst,off,4,0.37157617214202876,2022-05-31
214,214,tcfnn,Spring,Spring,on,4,0.23472321891676168,2022-05-31
215,215,rr,Spring,Spring,on,4,0.33371684275730806,2022-05-31
216,216,tcfnn,Wrist,Mixed,mix,4,0.269013499568693,2022-05-31
217,217,rr,Wrist,Mixed,mix,4,0.3555856999133447,2022-05-31
218,218,tcfnn,Wrist,Mixed_Full,mix,4,0.25482141597222474,2022-05-31
219,219,rr,Wrist,Mixed_Full,mix,4,0.34656245914261136,2022-05-31
220,220,tcfnn,Wrist,Normal,off,4,0.29592502425057715,2022-05-31
221,221,rr,Wrist,Normal,off,4,0.3846530256292192,2022-05-31
222,222,tcfnn,Wrist,Wrist,on,4,0.2670368688700197,2022-05-31
223,223,rr,Wrist,Wrist,on,4,0.3422131519351421,2022-05-31
224,224,tcfnn,Wrist,SprWrst,off,4,0.34610868370450376,2022-05-31
225,225,rr,Wrist,SprWrst,off,4,0.3992123642996042,2022-05-31
226,226,tcfnn,Wrist,Spring,off,4,0.32984734605896154,2022-05-31
227,227,rr,Wrist,Spring,off,4,0.3861483174663685,2022-05-31
228,228,tcfnn,SprWrst,Mixed,mix,4,0.27458725110151333,2022-05-31
229,229,rr,SprWrst,Mixed,mix,4,0.35988554332261463,2022-05-31
230,230,tcfnn,SprWrst,Mixed_Full,mix,4,0.2541329052304812,2022-05-31
231,231,rr,SprWrst,Mixed_Full,mix,4,0.3467661992343944,2022-05-31
232,232,tcfnn,SprWrst,Normal,off,4,0.3124949220549529,2022-05-31
233,233,rr,SprWrst,Normal,off,4,0.3730382445403812,2022-05-31
234,234,tcfnn,SprWrst,Wrist,off,4,0.37810190950142597,2022-05-31
235,235,rr,SprWrst,Wrist,off,4,0.4241245511659926,2022-05-31
236,236,tcfnn,SprWrst,SprWrst,on,4,0.24224666904856423,2022-05-31
237,237,rr,SprWrst,SprWrst,on,4,0.3348062972664458,2022-05-31
238,238,tcfnn,SprWrst,Spring,off,4,0.28147454537486943,2022-05-31
239,239,rr,SprWrst,Spring,off,4,0.3630730752207206,2022-05-31
240,0,tcfnn,Normal,Mixed,mix,0,0.23762791860352922,2022-06-02
241,1,rr,Normal,Mixed,mix,0,0.33316276172553494,2022-06-02
242,2,tcfnn,Normal,Mixed_Full,mix,0,0.23660259178049925,2022-06-02
243,3,rr,Normal,Mixed_Full,mix,0,0.32913422162527717,2022-06-02
244,4,tcfnn,Normal,Normal,on,0,0.2219209118082743,2022-06-02
245,5,rr,Normal,Normal,on,0,0.32831854356207824,2022-06-02
246,6,tcfnn,Normal,Spring,off,0,0.2608803593825558,2022-06-02
247,7,rr,Normal,Spring,off,0,0.3578653885972126,2022-06-02
248,8,tcfnn,Normal,SprWrst,off,0,0.29423098592089025,2022-06-02
249,9,rr,Normal,SprWrst,off,0,0.3800440252980086,2022-06-02
250,10,tcfnn,Normal,Wrist,off,0,0.29340107691263856,2022-06-02
251,11,rr,Normal,Wrist,off,0,0.35040941080936455,2022-06-02
252,12,tcfnn,Spring,Mixed,mix,0,0.2163253536436398,2022-06-02
253,13,rr,Spring,Mixed,mix,0,0.2955157486103902,2022-06-02
254,14,tcfnn,Spring,Mixed_Full,mix,0,0.21158074710038194,2022-06-02
255,15,rr,Spring,Mixed_Full,mix,0,0.28641040709447324,2022-06-02
256,16,tcfnn,Spring,Normal,off,0,0.23046793924224354,2022-06-02
257,17,rr,Spring,Normal,off,0,0.3290092465215684,2022-06-02
258,18,tcfnn,Spring,Spring,on,0,0.19327047227297456,2022-06-02
259,19,rr,Spring,Spring,on,0,0.2867045216913371,2022-06-02
260,20,tcfnn,Spring,SprWrst,off,0,0.21715613308532994,2022-06-02
261,21,rr,Spring,SprWrst,off,0,0.3045616691374548,2022-06-02
262,22,tcfnn,Spring,Wrist,off,0,0.2662603302736714,2022-06-02
263,23,rr,Spring,Wrist,off,0,0.3105020279420408,2022-06-02
264,24,tcfnn,Wrist,Mixed,mix,0,0.3036393009044782,2022-06-02
265,25,rr,Wrist,Mixed,mix,0,0.37803096953159115,2022-06-02
266,26,tcfnn,Wrist,Mixed_Full,mix,0,0.28472588527511766,2022-06-02
267,27,rr,Wrist,Mixed_Full,mix,0,0.37254778776926706,2022-06-02
268,28,tcfnn,Wrist,Normal,off,0,0.3082236282484384,2022-06-02
269,29,rr,Wrist,Normal,off,0,0.39134300276993583,2022-06-02
270,30,tcfnn,Wrist,Spring,off,0,0.35606383185015283,2022-06-02
271,31,rr,Wrist,Spring,off,0,0.412285040263899,2022-06-02
272,32,tcfnn,Wrist,SprWrst,off,0,0.33562759184182134,2022-06-02
273,33,rr,Wrist,SprWrst,off,0,0.4074470808249958,2022-06-02
274,34,tcfnn,Wrist,Wrist,on,0,0.33710795393179954,2022-06-02
275,35,rr,Wrist,Wrist,on,0,0.37019268477909734,2022-06-02
276,36,tcfnn,SprWrst,Mixed,mix,0,0.27108837838040434,2022-06-02
277,37,rr,SprWrst,Mixed,mix,0,0.36193687208932485,2022-06-02
278,38,tcfnn,SprWrst,Mixed_Full,mix,0,0.26723413465203144,2022-06-02
279,39,rr,SprWrst,Mixed_Full,mix,0,0.35597475227084757,2022-06-02
280,40,tcfnn,SprWrst,Normal,off,0,0.35082678996031136,2022-06-02
281,41,rr,SprWrst,Normal,off,0,0.4420825593935273,2022-06-02
282,42,tcfnn,SprWrst,Spring,off,0,0.27264946732091433,2022-06-02
283,43,rr,SprWrst,Spring,off,0,0.3650530701426545,2022-06-02
284,44,tcfnn,SprWrst,SprWrst,on,0,0.25569642125700004,2022-06-02
285,45,rr,SprWrst,SprWrst,on,0,0.34661565157738944,2022-06-02
286,46,tcfnn,SprWrst,Wrist,off,0,0.33640103795388815,2022-06-02
287,47,rr,SprWrst,Wrist,off,0,0.3857973045943879,2022-06-02
288,48,tcfnn,Normal,Mixed,mix,1,0.23514076694274738,2022-06-02
289,49,rr,Normal,Mixed,mix,1,0.3328277317686783,2022-06-02
290,50,tcfnn,Normal,Mixed_Full,mix,1,0.22603531246237482,2022-06-02
291,51,rr,Normal,Mixed_Full,mix,1,0.32953043048263125,2022-06-02
292,52,tcfnn,Normal,Normal,on,1,0.2408330446679952,2022-06-02
293,53,rr,Normal,Normal,on,1,0.326984945291402,2022-06-02
294,54,tcfnn,Normal,Spring,off,1,0.2591821873288329,2022-06-02
295,55,rr,Normal,Spring,off,1,0.354260292736827,2022-06-02
296,56,tcfnn,Normal,SprWrst,off,1,0.3059621797591555,2022-06-02
297,57,rr,Normal,SprWrst,off,1,0.3883278328061418,2022-06-02
298,58,tcfnn,Normal,Wrist,off,1,0.25683961788991816,2022-06-02
299,59,rr,Normal,Wrist,off,1,0.3517852170116257,2022-06-02
300,60,tcfnn,Spring,Mixed,mix,1,0.2071149360493269,2022-06-02
301,61,rr,Spring,Mixed,mix,1,0.29511227507015175,2022-06-02
302,62,tcfnn,Spring,Mixed_Full,mix,1,0.19808824038759454,2022-06-02
303,63,rr,Spring,Mixed_Full,mix,1,0.2872458067663935,2022-06-02
304,64,tcfnn,Spring,Normal,off,1,0.24783813167587285,2022-06-02
305,65,rr,Spring,Normal,off,1,0.3300889732928434,2022-06-02
306,66,tcfnn,Spring,Spring,on,1,0.19902069919024667,2022-06-02
307,67,rr,Spring,Spring,on,1,0.28610002869462964,2022-06-02
308,68,tcfnn,Spring,SprWrst,off,1,0.22172823620334497,2022-06-02
309,69,rr,Spring,SprWrst,off,1,0.30786786070999905,2022-06-02
310,70,tcfnn,Spring,Wrist,off,1,0.23309808063163878,2022-06-02
311,71,rr,Spring,Wrist,off,1,0.3111522735806101,2022-06-02
312,72,tcfnn,Wrist,Mixed,mix,1,0.304968185912959,2022-06-02
313,73,rr,Wrist,Mixed,mix,1,0.38150832677172064,2022-06-02
314,74,tcfnn,Wrist,Mixed_Full,mix,1,0.27333245133693784,2022-06-02
315,75,rr,Wrist,Mixed_Full,mix,1,0.3740344771346466,2022-06-02
316,76,tcfnn,Wrist,Normal,off,1,0.3569563808602803,2022-06-02
317,77,rr,Wrist,Normal,off,1,0.39356193594979877,2022-06-02
318,78,tcfnn,Wrist,Spring,off,1,0.35160256455221145,2022-06-02
319,79,rr,Wrist,Spring,off,1,0.4086368116568622,2022-06-02
320,80,tcfnn,Wrist,SprWrst,off,1,0.37523942986332226,2022-06-02
321,81,rr,Wrist,SprWrst,off,1,0.4184889762470466,2022-06-02
322,82,tcfnn,Wrist,Wrist,on,1,0.27516045696437125,2022-06-02
323,83,rr,Wrist,Wrist,on,1,0.37028852501864606,2022-06-02
324,84,tcfnn,SprWrst,Mixed,mix,1,0.28205677509112653,2022-06-02
325,85,rr,SprWrst,Mixed,mix,1,0.3613496983641952,2022-06-02
326,86,tcfnn,SprWrst,Mixed_Full,mix,1,0.27471315341079006,2022-06-02
327,87,rr,SprWrst,Mixed_Full,mix,1,0.35662302263853435,2022-06-02
328,88,tcfnn,SprWrst,Normal,off,1,0.38327682302744576,2022-06-02
329,89,rr,SprWrst,Normal,off,1,0.44348974446374756,2022-06-02
330,90,tcfnn,SprWrst,Spring,off,1,0.2747576123394079,2022-06-02
331,91,rr,SprWrst,Spring,off,1,0.36548597642314273,2022-06-02
332,92,tcfnn,SprWrst,SprWrst,on,1,0.2539916360608126,2022-06-02
333,93,rr,SprWrst,SprWrst,on,1,0.3477613571831273,2022-06-02
334,94,tcfnn,SprWrst,Wrist,off,1,0.30713457511916664,2022-06-02
335,95,rr,SprWrst,Wrist,off,1,0.3866387433347593,2022-06-02
336,96,tcfnn,Normal,Mixed,mix,2,0.2478037780180847,2022-06-02
337,97,rr,Normal,Mixed,mix,2,0.33458382921734353,2022-06-02
338,98,tcfnn,Normal,Mixed_Full,mix,2,0.23416748086698258,2022-06-02
339,99,rr,Normal,Mixed_Full,mix,2,0.3296035244112102,2022-06-02
340,100,tcfnn,Normal,Normal,on,2,0.24747465924421647,2022-06-02
341,101,rr,Normal,Normal,on,2,0.3265246043415054,2022-06-02
342,102,tcfnn,Normal,Spring,off,2,0.26289096889709523,2022-06-02
343,103,rr,Normal,Spring,off,2,0.35586841853941653,2022-06-02
344,104,tcfnn,Normal,SprWrst,off,2,0.289351430885223,2022-06-02
345,105,rr,Normal,SprWrst,off,2,0.38936219372291125,2022-06-02
346,106,tcfnn,Normal,Wrist,off,2,0.2698305241686081,2022-06-02
347,107,rr,Normal,Wrist,off,2,0.3511677886924878,2022-06-02
348,108,tcfnn,Spring,Mixed,mix,2,0.21767896366500047,2022-06-02
349,109,rr,Spring,Mixed,mix,2,0.2957222392861594,2022-06-02
350,110,tcfnn,Spring,Mixed_Full,mix,2,0.2004391672739028,2022-06-02
351,111,rr,Spring,Mixed_Full,mix,2,0.2870251810590607,2022-06-02
352,112,tcfnn,Spring,Normal,off,2,0.25444245115800407,2022-06-02
353,113,rr,Spring,Normal,off,2,0.33032812636313647,2022-06-02
354,114,tcfnn,Spring,Spring,on,2,0.1958400795296915,2022-06-02
355,115,rr,Spring,Spring,on,2,0.28720139648877385,2022-06-02
356,116,tcfnn,Spring,SprWrst,off,2,0.21761496664371469,2022-06-02
357,117,rr,Spring,SprWrst,off,2,0.30982456566903016,2022-06-02
358,118,tcfnn,Spring,Wrist,off,2,0.24899717163686022,2022-06-02
359,119,rr,Spring,Wrist,off,2,0.31159021735966713,2022-06-02
360,120,tcfnn,Wrist,Mixed,mix,2,0.3115694028358623,2022-06-02
361,121,rr,Wrist,Mixed,mix,2,0.38387050320108185,2022-06-02
362,122,tcfnn,Wrist,Mixed_Full,mix,2,0.2975222282703703,2022-06-02
363,123,rr,Wrist,Mixed_Full,mix,2,0.37312656059988386,2022-06-02
364,124,tcfnn,Wrist,Normal,off,2,0.3593537078879829,2022-06-02
365,125,rr,Wrist,Normal,off,2,0.3928668408698236,2022-06-02
366,126,tcfnn,Wrist,Spring,off,2,0.39472191679624186,2022-06-02
367,127,rr,Wrist,Spring,off,2,0.41090235246051315,2022-06-02
368,128,tcfnn,Wrist,SprWrst,off,2,0.3359606560977101,2022-06-02
369,129,rr,Wrist,SprWrst,off,2,0.41684848609067077,2022-06-02
370,130,tcfnn,Wrist,Wrist,on,2,0.2882879749159478,2022-06-02
371,131,rr,Wrist,Wrist,on,2,0.37061550107476926,2022-06-02
372,132,tcfnn,SprWrst,Mixed,mix,2,0.2839999254142156,2022-06-02
373,133,rr,SprWrst,Mixed,mix,2,0.3617906318850277,2022-06-02
374,134,tcfnn,SprWrst,Mixed_Full,mix,2,0.2725715325051394,2022-06-02
375,135,rr,SprWrst,Mixed_Full,mix,2,0.35481017145036253,2022-06-02
376,136,tcfnn,SprWrst,Normal,off,2,0.36582442146557786,2022-06-02
377,137,rr,SprWrst,Normal,off,2,0.4419949724020672,2022-06-02
378,138,tcfnn,SprWrst,Spring,off,2,0.2816330478213708,2022-06-02
379,139,rr,SprWrst,Spring,off,2,0.36658305612672015,2022-06-02
380,140,tcfnn,SprWrst,SprWrst,on,2,0.24292938435814032,2022-06-02
381,141,rr,SprWrst,SprWrst,on,2,0.3463544006495552,2022-06-02
382,142,tcfnn,SprWrst,Wrist,off,2,0.3258077815417536,2022-06-02
383,143,rr,SprWrst,Wrist,off,2,0.3855288594496785,2022-06-02
384,144,tcfnn,Normal,Mixed,mix,3,0.25270409096881874,2022-06-02
385,145,rr,Normal,Mixed,mix,3,0.3357211082994515,2022-06-02
386,146,tcfnn,Normal,Mixed_Full,mix,3,0.23553789241671863,2022-06-02
387,147,rr,Normal,Mixed_Full,mix,3,0.33049605440147056,2022-06-02
388,148,tcfnn,Normal,Normal,on,3,0.23279600025389374,2022-06-02
389,149,rr,Normal,Normal,on,3,0.3289003590302287,2022-06-02
390,150,tcfnn,Normal,Spring,off,3,0.2645364719414332,2022-06-02
391,151,rr,Normal,Spring,off,3,0.3547099369188234,2022-06-02
392,152,tcfnn,Normal,SprWrst,off,3,0.30106282623472885,2022-06-02
393,153,rr,Normal,SprWrst,off,3,0.39136934842993565,2022-06-02
394,154,tcfnn,Normal,Wrist,off,3,0.2511334661740383,2022-06-02
395,155,rr,Normal,Wrist,off,3,0.3533261409215118,2022-06-02
396,156,tcfnn,Spring,Mixed,mix,3,0.21896531181354548,2022-06-02
397,157,rr,Spring,Mixed,mix,3,0.29365042203123604,2022-06-02
398,158,tcfnn,Spring,Mixed_Full,mix,3,0.19118710348818285,2022-06-02
399,159,rr,Spring,Mixed_Full,mix,3,0.2865168400225428,2022-06-02
400,160,tcfnn,Spring,Normal,off,3,0.23744769580348077,2022-06-02
401,161,rr,Spring,Normal,off,3,0.3302751702281707,2022-06-02
402,162,tcfnn,Spring,Spring,on,3,0.19915891347194348,2022-06-02
403,163,rr,Spring,Spring,on,3,0.2871848271830686,2022-06-02
404,164,tcfnn,Spring,SprWrst,off,3,0.2215248382603542,2022-06-02
405,165,rr,Spring,SprWrst,off,3,0.308005145241135,2022-06-02
406,166,tcfnn,Spring,Wrist,off,3,0.2192667879596271,2022-06-02
407,167,rr,Spring,Wrist,off,3,0.31034148712354975,2022-06-02
408,168,tcfnn,Wrist,Mixed,mix,3,0.3252608618935252,2022-06-02
409,169,rr,Wrist,Mixed,mix,3,0.38292311477117247,2022-06-02
410,170,tcfnn,Wrist,Mixed_Full,mix,3,0.296278788140899,2022-06-02
411,171,rr,Wrist,Mixed_Full,mix,3,0.3736878203785057,2022-06-02
412,172,tcfnn,Wrist,Normal,off,3,0.355545519831465,2022-06-02
413,173,rr,Wrist,Normal,off,3,0.3963613842711331,2022-06-02
414,174,tcfnn,Wrist,Spring,off,3,0.3711419694950282,2022-06-02
415,175,rr,Wrist,Spring,off,3,0.41150843658781755,2022-06-02
416,176,tcfnn,Wrist,SprWrst,off,3,0.33431562822722044,2022-06-02
417,177,rr,Wrist,SprWrst,off,3,0.41267914481398127,2022-06-02
418,178,tcfnn,Wrist,Wrist,on,3,0.28475881249440804,2022-06-02
419,179,rr,Wrist,Wrist,on,3,0.37213587898741823,2022-06-02
420,180,tcfnn,SprWrst,Mixed,mix,3,0.2917043774139783,2022-06-02
421,181,rr,SprWrst,Mixed,mix,3,0.36335751214434875,2022-06-02
422,182,tcfnn,SprWrst,Mixed_Full,mix,3,0.25194392743959837,2022-06-02
423,183,rr,SprWrst,Mixed_Full,mix,3,0.3556954543999939,2022-06-02
424,184,tcfnn,SprWrst,Normal,off,3,0.3686233717073013,2022-06-02
425,185,rr,SprWrst,Normal,off,3,0.4447450977278828,2022-06-02
426,186,tcfnn,SprWrst,Spring,off,3,0.2829965241879452,2022-06-02
427,187,rr,SprWrst,Spring,off,3,0.36844551535740144,2022-06-02
428,188,tcfnn,SprWrst,SprWrst,on,3,0.2601844136156203,2022-06-02
429,189,rr,SprWrst,SprWrst,on,3,0.34734102990561955,2022-06-02
430,190,tcfnn,SprWrst,Wrist,off,3,0.30525348904098387,2022-06-02
431,191,rr,SprWrst,Wrist,off,3,0.38430686802656,2022-06-02
432,192,tcfnn,Normal,Mixed,mix,4,0.2458361586304973,2022-06-02
433,193,rr,Normal,Mixed,mix,4,0.3380848592904196,2022-06-02
434,194,tcfnn,Normal,Mixed_Full,mix,4,0.22596641019592142,2022-06-02
435,195,rr,Normal,Mixed_Full,mix,4,0.32978806961127,2022-06-02
436,196,tcfnn,Normal,Normal,on,4,0.23108681466248934,2022-06-02
437,197,rr,Normal,Normal,on,4,0.32980530888221965,2022-06-02
438,198,tcfnn,Normal,Spring,off,4,0.26098233470686694,2022-06-02
439,199,rr,Normal,Spring,off,4,0.3531813552616896,2022-06-02
440,200,tcfnn,Normal,SprWrst,off,4,0.30351122356503013,2022-06-02
441,201,rr,Normal,SprWrst,off,4,0.3882859775399078,2022-06-02
442,202,tcfnn,Normal,Wrist,off,4,0.26259476806126714,2022-06-02
443,203,rr,Normal,Wrist,off,4,0.35090317959515477,2022-06-02
444,204,tcfnn,Spring,Mixed,mix,4,0.20686112443339458,2022-06-02
445,205,rr,Spring,Mixed,mix,4,0.29329023676695837,2022-06-02
446,206,tcfnn,Spring,Mixed_Full,mix,4,0.19279306049679928,2022-06-02
447,207,rr,Spring,Mixed_Full,mix,4,0.2867038961946156,2022-06-02
448,208,tcfnn,Spring,Normal,off,4,0.2628967264357474,2022-06-02
449,209,rr,Spring,Normal,off,4,0.3329776611798705,2022-06-02
450,210,tcfnn,Spring,Spring,on,4,0.20095116515135591,2022-06-02
451,211,rr,Spring,Spring,on,4,0.28739891477123425,2022-06-02
452,212,tcfnn,Spring,SprWrst,off,4,0.22605692849325737,2022-06-02
453,213,rr,Spring,SprWrst,off,4,0.30817975097867206,2022-06-02
454,214,tcfnn,Spring,Wrist,off,4,0.21853831157506234,2022-06-02
455,215,rr,Spring,Wrist,off,4,0.308813184666156,2022-06-02
456,216,tcfnn,Wrist,Mixed,mix,4,0.3083998620782269,2022-06-02
457,217,rr,Wrist,Mixed,mix,4,0.38528012513808835,2022-06-02
458,218,tcfnn,Wrist,Mixed_Full,mix,4,0.2861552829164368,2022-06-02
459,219,rr,Wrist,Mixed_Full,mix,4,0.37412338292621405,2022-06-02
460,220,tcfnn,Wrist,Normal,off,4,0.328446828149633,2022-06-02
461,221,rr,Wrist,Normal,off,4,0.3955033843887561,2022-06-02
462,222,tcfnn,Wrist,Spring,off,4,0.355910674821945,2022-06-02
463,223,rr,Wrist,Spring,off,4,0.4124567120079531,2022-06-02
464,224,tcfnn,Wrist,SprWrst,off,4,0.37110773349449405,2022-06-02
465,225,rr,Wrist,SprWrst,off,4,0.41732357624542654,2022-06-02
466,226,tcfnn,Wrist,Wrist,on,4,0.3053956145949892,2022-06-02
467,227,rr,Wrist,Wrist,on,4,0.3722845068075854,2022-06-02
468,228,tcfnn,SprWrst,Mixed,mix,4,0.2721346061463483,2022-06-02
469,229,rr,SprWrst,Mixed,mix,4,0.3658299680839099,2022-06-02
470,230,tcfnn,SprWrst,Mixed_Full,mix,4,0.25849520665902137,2022-06-02
471,231,rr,SprWrst,Mixed_Full,mix,4,0.3552145179942632,2022-06-02
472,232,tcfnn,SprWrst,Normal,off,4,0.3795821837117436,2022-06-02
473,233,rr,SprWrst,Normal,off,4,0.44460642133896755,2022-06-02
474,234,tcfnn,SprWrst,Spring,off,4,0.2875342271836514,2022-06-02
475,235,rr,SprWrst,Spring,off,4,0.3692173986101773,2022-06-02
476,236,tcfnn,SprWrst,SprWrst,on,4,0.2476692925604364,2022-06-02
477,237,rr,SprWrst,SprWrst,on,4,0.34383065805755086,2022-06-02
478,238,tcfnn,SprWrst,Wrist,off,4,0.29847910663854105,2022-06-02
479,239,rr,SprWrst,Wrist,off,4,0.3842126631643193,2022-06-02
480,0,tcfnn,Normal,Mixed,mix,0,0.43575674392178304,2023-01-17
481,1,rr,Normal,Mixed,mix,0,0.5384412525696576,2023-01-17
482,2,tcfnn,Normal,Mixed_Full,mix,0,0.40232635328116517,2023-01-17
483,3,rr,Normal,Mixed_Full,mix,0,0.5320053645841415,2023-01-17
484,4,tcfnn,Normal,Normal,on,0,0.4044161482778867,2023-01-17
485,5,rr,Normal,Normal,on,0,0.5211987776463758,2023-01-17
486,6,tcfnn,Normal,SprWrst,off,0,0.6387705526158367,2023-01-17
487,7,rr,Normal,SprWrst,off,0,0.6683683599133717,2023-01-17
488,8,tcfnn,Normal,Spring,off,0,0.5069227744903269,2023-01-17
489,9,rr,Normal,Spring,off,0,0.6440275182091393,2023-01-17
490,10,tcfnn,Normal,Wrist,off,0,0.43898025156878656,2023-01-17
491,11,rr,Normal,Wrist,off,0,0.5832403666476333,2023-01-17
492,12,tcfnn,Spring,Mixed,mix,0,0.5933211456950546,2023-01-17
493,13,rr,Spring,Mixed,mix,0,0.7005957536777648,2023-01-17
494,14,tcfnn,Spring,Mixed_Full,mix,0,0.583815535227202,2023-01-17
495,15,rr,Spring,Mixed_Full,mix,0,0.68812400082218,2023-01-17
496,16,tcfnn,Spring,Normal,off,0,0.6909137414075134,2023-01-17
497,17,rr,Spring,Normal,off,0,0.8130276353277236,2023-01-17
498,18,tcfnn,Spring,SprWrst,off,0,0.6119906505034453,2023-01-17
499,19,rr,Spring,SprWrst,off,0,0.7084110001037592,2023-01-17
500,20,tcfnn,Spring,Spring,on,0,0.5690432203954875,2023-01-17
501,21,rr,Spring,Spring,on,0,0.680853323174913,2023-01-17
502,22,tcfnn,Spring,Wrist,off,0,0.6674413522133875,2023-01-17
503,23,rr,Spring,Wrist,off,0,0.761876642949418,2023-01-17
504,24,tcfnn,Wrist,Mixed,mix,0,0.5411497311674832,2023-01-17
505,25,rr,Wrist,Mixed,mix,0,0.6443505755443533,2023-01-17
506,26,tcfnn,Wrist,Mixed_Full,mix,0,0.5135296951549795,2023-01-17
507,27,rr,Wrist,Mixed_Full,mix,0,0.6239608901073571,2023-01-17
508,28,tcfnn,Wrist,Normal,off,0,0.6186754100555433,2023-01-17
509,29,rr,Wrist,Normal,off,0,0.6955603698377979,2023-01-17
510,30,tcfnn,Wrist,SprWrst,off,0,0.6771216344906638,2023-01-17
511,31,rr,Wrist,SprWrst,off,0,0.7095237850303341,2023-01-17
512,32,tcfnn,Wrist,Spring,off,0,0.6254732413650601,2023-01-17
513,33,rr,Wrist,Spring,off,0,0.6862046642190376,2023-01-17
514,34,tcfnn,Wrist,Wrist,on,0,0.5225706493142193,2023-01-17
515,35,rr,Wrist,Wrist,on,0,0.6259121740291679,2023-01-17
516,36,tcfnn,SprWrst,Mixed,mix,0,0.49481024828040876,2023-01-17
517,37,rr,SprWrst,Mixed,mix,0,0.6393488122869897,2023-01-17
518,38,tcfnn,SprWrst,Mixed_Full,mix,0,0.4803243895875809,2023-01-17
519,39,rr,SprWrst,Mixed_Full,mix,0,0.6228824588355976,2023-01-17
520,40,tcfnn,SprWrst,Normal,off,0,0.5988130124841149,2023-01-17
521,41,rr,SprWrst,Normal,off,0,0.7667719079600698,2023-01-17
522,42,tcfnn,SprWrst,SprWrst,on,0,0.4684782224329424,2023-01-17
523,43,rr,SprWrst,SprWrst,on,0,0.6185899162671668,2023-01-17
524,44,tcfnn,SprWrst,Spring,off,0,0.4988033775795482,2023-01-17
525,45,rr,SprWrst,Spring,off,0,0.6296440305146301,2023-01-17
526,46,tcfnn,SprWrst,Wrist,off,0,0.577810721447075,2023-01-17
527,47,rr,SprWrst,Wrist,off,0,0.706991624712009,2023-01-17
528,48,tcfnn,Normal,Mixed,mix,1,0.4330460865103344,2023-01-17
529,49,rr,Normal,Mixed,mix,1,0.5368757018953293,2023-01-17
530,50,tcfnn,Normal,Mixed_Full,mix,1,0.38930806827772013,2023-01-17
531,51,rr,Normal,Mixed_Full,mix,1,0.528401798636987,2023-01-17
532,52,tcfnn,Normal,Normal,on,1,0.3965169123010195,2023-01-17
533,53,rr,Normal,Normal,on,1,0.5176492169943249,2023-01-17
534,54,tcfnn,Normal,SprWrst,off,1,0.5908513265344703,2023-01-17
535,55,rr,Normal,SprWrst,off,1,0.6521288076942754,2023-01-17
536,56,tcfnn,Normal,Spring,off,1,0.506675323398632,2023-01-17
537,57,rr,Normal,Spring,off,1,0.6267017873808063,2023-01-17
538,58,tcfnn,Normal,Wrist,off,1,0.46196009123642984,2023-01-17
539,59,rr,Normal,Wrist,off,1,0.5760753489587647,2023-01-17
540,60,tcfnn,Spring,Mixed,mix,1,0.6099882606286058,2023-01-17
541,61,rr,Spring,Mixed,mix,1,0.7010195361503062,2023-01-17
542,62,tcfnn,Spring,Mixed_Full,mix,1,0.5641669312056948,2023-01-17
543,63,rr,Spring,Mixed_Full,mix,1,0.6867968445343882,2023-01-17
544,64,tcfnn,Spring,Normal,off,1,0.6979484446551946,2023-01-17
545,65,rr,Spring,Normal,off,1,0.8069031299288076,2023-01-17
546,66,tcfnn,Spring,SprWrst,off,1,0.6151317588490288,2023-01-17
547,67,rr,Spring,SprWrst,off,1,0.7032428231816862,2023-01-17
548,68,tcfnn,Spring,Spring,on,1,0.5614320440363589,2023-01-17
549,69,rr,Spring,Spring,on,1,0.6774033428710846,2023-01-17
550,70,tcfnn,Spring,Wrist,off,1,0.6704211706524413,2023-01-17
551,71,rr,Spring,Wrist,off,1,0.7651097368173717,2023-01-17
552,72,tcfnn,Wrist,Mixed,mix,1,0.5614882431594952,2023-01-17
553,73,rr,Wrist,Mixed,mix,1,0.6435021349139275,2023-01-17
554,74,tcfnn,Wrist,Mixed_Full,mix,1,0.5252574908551598,2023-01-17
555,75,rr,Wrist,Mixed_Full,mix,1,0.6264987905029591,2023-01-17
556,76,tcfnn,Wrist,Normal,off,1,0.6310648352373603,2023-01-17
557,77,rr,Wrist,Normal,off,1,0.6917068713810746,2023-01-17
558,78,tcfnn,Wrist,SprWrst,off,1,0.6648576003462069,2023-01-17
559,79,rr,Wrist,SprWrst,off,1,0.7081613207948299,2023-01-17
560,80,tcfnn,Wrist,Spring,off,1,0.6775791243508272,2023-01-17
561,81,rr,Wrist,Spring,off,1,0.6819327218829142,2023-01-17
562,82,tcfnn,Wrist,Wrist,on,1,0.5391134879473798,2023-01-17
563,83,rr,Wrist,Wrist,on,1,0.6260046561330078,2023-01-17
564,84,tcfnn,SprWrst,Mixed,mix,1,0.5421331631061714,2023-01-17
565,85,rr,SprWrst,Mixed,mix,1,0.640573983362046,2023-01-17
566,86,tcfnn,SprWrst,Mixed_Full,mix,1,0.483596701445696,2023-01-17
567,87,rr,SprWrst,Mixed_Full,mix,1,0.6269699975944295,2023-01-17
568,88,tcfnn,SprWrst,Normal,off,1,0.6063181373632933,2023-01-17
569,89,rr,SprWrst,Normal,off,1,0.760665948708286,2023-01-17
570,90,tcfnn,SprWrst,SprWrst,on,1,0.4672831762403094,2023-01-17
571,91,rr,SprWrst,SprWrst,on,1,0.6115788478470052,2023-01-17
572,92,tcfnn,SprWrst,Spring,off,1,0.5219814567905111,2023-01-17
573,93,rr,SprWrst,Spring,off,1,0.634049440444293,2023-01-17
574,94,tcfnn,SprWrst,Wrist,off,1,0.6020885513259071,2023-01-17
575,95,rr,SprWrst,Wrist,off,1,0.7125958519222775,2023-01-17
576,96,tcfnn,Normal,Mixed,mix,2,0.478451371171987,2023-01-17
577,97,rr,Normal,Mixed,mix,2,0.5373852352086077,2023-01-17
578,98,tcfnn,Normal,Mixed_Full,mix,2,0.39819456359040284,2023-01-17
579,99,rr,Normal,Mixed_Full,mix,2,0.5301266616981278,2023-01-17
580,100,tcfnn,Normal,Normal,on,2,0.38756399307547873,2023-01-17
581,101,rr,Normal,Normal,on,2,0.5152716632364556,2023-01-17
582,102,tcfnn,Normal,SprWrst,off,2,0.5501033294599514,2023-01-17
583,103,rr,Normal,SprWrst,off,2,0.6525258636435366,2023-01-17
584,104,tcfnn,Normal,Spring,off,2,0.5407995698181195,2023-01-17
585,105,rr,Normal,Spring,off,2,0.6363699474531916,2023-01-17
586,106,tcfnn,Normal,Wrist,off,2,0.4793437509852054,2023-01-17
587,107,rr,Normal,Wrist,off,2,0.5813221312531207,2023-01-17
588,108,tcfnn,Spring,Mixed,mix,2,0.646582503252552,2023-01-17
589,109,rr,Spring,Mixed,mix,2,0.7014820182863881,2023-01-17
590,110,tcfnn,Spring,Mixed_Full,mix,2,0.5784729434626498,2023-01-17
591,111,rr,Spring,Mixed_Full,mix,2,0.6907289548466731,2023-01-17
592,112,tcfnn,Spring,Normal,off,2,0.6617941159587201,2023-01-17
593,113,rr,Spring,Normal,off,2,0.8073554735952345,2023-01-17
594,114,tcfnn,Spring,SprWrst,off,2,0.5768655723545288,2023-01-17
595,115,rr,Spring,SprWrst,off,2,0.7030569469287887,2023-01-17
596,116,tcfnn,Spring,Spring,on,2,0.6379121439483025,2023-01-17
597,117,rr,Spring,Spring,on,2,0.6778050885359475,2023-01-17
598,118,tcfnn,Spring,Wrist,off,2,0.6847460693673779,2023-01-17
599,119,rr,Spring,Wrist,off,2,0.7672297536351813,2023-01-17
600,120,tcfnn,Wrist,Mixed,mix,2,0.6107795945667,2023-01-17
601,121,rr,Wrist,Mixed,mix,2,0.6379872953290977,2023-01-17
602,122,tcfnn,Wrist,Mixed_Full,mix,2,0.5042597449121893,2023-01-17
603,123,rr,Wrist,Mixed_Full,mix,2,0.6222591677232525,2023-01-17
604,124,tcfnn,Wrist,Normal,off,2,0.6116595876804813,2023-01-17
605,125,rr,Wrist,Normal,off,2,0.6961637908538534,2023-01-17
606,126,tcfnn,Wrist,SprWrst,off,2,0.6383595041157808,2023-01-17
607,127,rr,Wrist,SprWrst,off,2,0.696083371244828,2023-01-17
608,128,tcfnn,Wrist,Spring,off,2,0.6466158879200061,2023-01-17
609,129,rr,Wrist,Spring,off,2,0.6771717431925831,2023-01-17
610,130,tcfnn,Wrist,Wrist,on,2,0.5635665638283187,2023-01-17
611,131,rr,Wrist,Wrist,on,2,0.6222147483620759,2023-01-17
612,132,tcfnn,SprWrst,Mixed,mix,2,0.5681455710039546,2023-01-17
613,133,rr,SprWrst,Mixed,mix,2,0.6425167440259361,2023-01-17
614,134,tcfnn,SprWrst,Mixed_Full,mix,2,0.4871368312748098,2023-01-17
615,135,rr,SprWrst,Mixed_Full,mix,2,0.6237669157875377,2023-01-17
616,136,tcfnn,SprWrst,Normal,off,2,0.589169551263676,2023-01-17
617,137,rr,SprWrst,Normal,off,2,0.7507667592419969,2023-01-17
618,138,tcfnn,SprWrst,SprWrst,on,2,0.45705901322424025,2023-01-17
619,139,rr,SprWrst,SprWrst,on,2,0.6113592866701677,2023-01-17
620,140,tcfnn,SprWrst,Spring,off,2,0.5550074402186052,2023-01-17
621,141,rr,SprWrst,Spring,off,2,0.6299283471847873,2023-01-17
622,142,tcfnn,SprWrst,Wrist,off,2,0.6286069821295254,2023-01-17
623,143,rr,SprWrst,Wrist,off,2,0.7074994516037535,2023-01-17
624,144,tcfnn,Normal,Mixed,mix,3,0.4299736891151259,2023-01-17
625,145,rr,Normal,Mixed,mix,3,0.5382492649247871,2023-01-17
626,146,tcfnn,Normal,Mixed_Full,mix,3,0.3831468807362678,2023-01-17
627,147,rr,Normal,Mixed_Full,mix,3,0.5301261730098699,2023-01-17
628,148,tcfnn,Normal,Normal,on,3,0.4001031924244352,2023-01-17
629,149,rr,Normal,Normal,on,3,0.5173528569115411,2023-01-17
630,150,tcfnn,Normal,SprWrst,off,3,0.5928108435536698,2023-01-17
631,151,rr,Normal,SprWrst,off,3,0.6559263967811353,2023-01-17
632,152,tcfnn,Normal,Spring,off,3,0.5124334881076715,2023-01-17
633,153,rr,Normal,Spring,off,3,0.636767601181988,2023-01-17
634,154,tcfnn,Normal,Wrist,off,3,0.4485465857009858,2023-01-17
635,155,rr,Normal,Wrist,off,3,0.5844554247734061,2023-01-17
636,156,tcfnn,Spring,Mixed,mix,3,0.6033146503185185,2023-01-17
637,157,rr,Spring,Mixed,mix,3,0.7031716990669742,2023-01-17
638,158,tcfnn,Spring,Mixed_Full,mix,3,0.5923019347106596,2023-01-17
639,159,rr,Spring,Mixed_Full,mix,3,0.6892892773185009,2023-01-17
640,160,tcfnn,Spring,Normal,off,3,0.6757996136838861,2023-01-17
641,161,rr,Spring,Normal,off,3,0.799795035348807,2023-01-17
642,162,tcfnn,Spring,SprWrst,off,3,0.6054905724407887,2023-01-17
643,163,rr,Spring,SprWrst,off,3,0.7043900302893292,2023-01-17
644,164,tcfnn,Spring,Spring,on,3,0.6399808506159338,2023-01-17
645,165,rr,Spring,Spring,on,3,0.6791898153625275,2023-01-17
646,166,tcfnn,Spring,Wrist,off,3,0.6767360825014878,2023-01-17
647,167,rr,Spring,Wrist,off,3,0.7733745997561352,2023-01-17
648,168,tcfnn,Wrist,Mixed,mix,3,0.5790590122633069,2023-01-17
649,169,rr,Wrist,Mixed,mix,3,0.6400895433564032,2023-01-17
650,170,tcfnn,Wrist,Mixed_Full,mix,3,0.5009798514792562,2023-01-17
651,171,rr,Wrist,Mixed_Full,mix,3,0.6229707142286508,2023-01-17
652,172,tcfnn,Wrist,Normal,off,3,0.6228325570663379,2023-01-17
653,173,rr,Wrist,Normal,off,3,0.6855519507408511,2023-01-17
654,174,tcfnn,Wrist,SprWrst,off,3,0.6374204293575687,2023-01-17
655,175,rr,Wrist,SprWrst,off,3,0.7110430229338245,2023-01-17
656,176,tcfnn,Wrist,Spring,off,3,0.6104504702781539,2023-01-17
657,177,rr,Wrist,Spring,off,3,0.6817644053362227,2023-01-17
658,178,tcfnn,Wrist,Wrist,on,3,0.5292808646941809,2023-01-17
659,179,rr,Wrist,Wrist,on,3,0.6268598872714004,2023-01-17
660,180,tcfnn,SprWrst,Mixed,mix,3,0.5155804993556364,2023-01-17
661,181,rr,SprWrst,Mixed,mix,3,0.6387377141704766,2023-01-17
662,182,tcfnn,SprWrst,Mixed_Full,mix,3,0.4872748420130709,2023-01-17
663,183,rr,SprWrst,Mixed_Full,mix,3,0.623433852068586,2023-01-17
664,184,tcfnn,SprWrst,Normal,off,3,0.6189726797715664,2023-01-17
665,185,rr,SprWrst,Normal,off,3,0.7499522730200608,2023-01-17
666,186,tcfnn,SprWrst,SprWrst,on,3,0.4618317033486912,2023-01-17
667,187,rr,SprWrst,SprWrst,on,3,0.6131326526740993,2023-01-17
668,188,tcfnn,SprWrst,Spring,off,3,0.5519537286809773,2023-01-17
669,189,rr,SprWrst,Spring,off,3,0.6290729060010481,2023-01-17
670,190,tcfnn,SprWrst,Wrist,off,3,0.5898368115633066,2023-01-17
671,191,rr,SprWrst,Wrist,off,3,0.7199852988106505,2023-01-17
672,192,tcfnn,Normal,Mixed,mix,4,0.44167428634023115,2023-01-17
673,193,rr,Normal,Mixed,mix,4,0.5385305117299041,2023-01-17
674,194,tcfnn,Normal,Mixed_Full,mix,4,0.3965553492256697,2023-01-17
675,195,rr,Normal,Mixed_Full,mix,4,0.5293204878795105,2023-01-17
676,196,tcfnn,Normal,Normal,on,4,0.40229726541194,2023-01-17
677,197,rr,Normal,Normal,on,4,0.5181098429125419,2023-01-17
678,198,tcfnn,Normal,SprWrst,off,4,0.5585656765796692,2023-01-17
679,199,rr,Normal,SprWrst,off,4,0.6505059377010938,2023-01-17
680,200,tcfnn,Normal,Spring,off,4,0.5191070138374668,2023-01-17
681,201,rr,Normal,Spring,off,4,0.6297451360863747,2023-01-17
682,202,tcfnn,Normal,Wrist,off,4,0.49547177968776773,2023-01-17
683,203,rr,Normal,Wrist,off,4,0.5778112663273991,2023-01-17
684,204,tcfnn,Spring,Mixed,mix,4,0.6169163951318983,2023-01-17
685,205,rr,Spring,Mixed,mix,4,0.7025692428228992,2023-01-17
686,206,tcfnn,Spring,Mixed_Full,mix,4,0.5985063862182449,2023-01-17
687,207,rr,Spring,Mixed_Full,mix,4,0.6909024344588479,2023-01-17
688,208,tcfnn,Spring,Normal,off,4,0.6781508753674639,2023-01-17
689,209,rr,Spring,Normal,off,4,0.8101410422739246,2023-01-17
690,210,tcfnn,Spring,SprWrst,off,4,0.6026467221279113,2023-01-17
691,211,rr,Spring,SprWrst,off,4,0.7044050931520078,2023-01-17
692,212,tcfnn,Spring,Spring,on,4,0.6040948935863157,2023-01-17
693,213,rr,Spring,Spring,on,4,0.6810087945680791,2023-01-17
694,214,tcfnn,Spring,Wrist,off,4,0.684585444103044,2023-01-17
695,215,rr,Spring,Wrist,off,4,0.7699970383211759,2023-01-17
696,216,tcfnn,Wrist,Mixed,mix,4,0.5762456284939398,2023-01-17
697,217,rr,Wrist,Mixed,mix,4,0.6429123237818765,2023-01-17
698,218,tcfnn,Wrist,Mixed_Full,mix,4,0.5246069237432927,2023-01-17
699,219,rr,Wrist,Mixed_Full,mix,4,0.62232684237927,2023-01-17
700,220,tcfnn,Wrist,Normal,off,4,0.5832030717783393,2023-01-17
701,221,rr,Wrist,Normal,off,4,0.6895109818600441,2023-01-17
702,222,tcfnn,Wrist,SprWrst,off,4,0.6442319530347124,2023-01-17
703,223,rr,Wrist,SprWrst,off,4,0.701095586001197,2023-01-17
704,224,tcfnn,Wrist,Spring,off,4,0.6128296243355271,2023-01-17
705,225,rr,Wrist,Spring,off,4,0.6808087691710506,2023-01-17
706,226,tcfnn,Wrist,Wrist,on,4,0.5841133968285794,2023-01-17
707,227,rr,Wrist,Wrist,on,4,0.6254959851305985,2023-01-17
708,228,tcfnn,SprWrst,Mixed,mix,4,0.5268919582094154,2023-01-17
709,229,rr,SprWrst,Mixed,mix,4,0.6365535538526497,2023-01-17
710,230,tcfnn,SprWrst,Mixed_Full,mix,4,0.4986798351903454,2023-01-17
711,231,rr,SprWrst,Mixed_Full,mix,4,0.6230697625431796,2023-01-17
712,232,tcfnn,SprWrst,Normal,off,4,0.5742875434210462,2023-01-17
713,233,rr,SprWrst,Normal,off,4,0.7563274171693193,2023-01-17
714,234,tcfnn,SprWrst,SprWrst,on,4,0.4677080431962629,2023-01-17
715,235,rr,SprWrst,SprWrst,on,4,0.611725341716877,2023-01-17
716,236,tcfnn,SprWrst,Spring,off,4,0.5147964800546754,2023-01-17
717,237,rr,SprWrst,Spring,off,4,0.6292242127071181,2023-01-17
718,238,tcfnn,SprWrst,Wrist,off,4,0.6133809374265886,2023-01-17
719,239,rr,SprWrst,Wrist,off,4,0.7154181487735969,2023-01-17
720,0,tcfnn,Normal,Mixed,mix,0,0.39319262371753105,2023-04-07
721,1,rr,Normal,Mixed,mix,0,0.4727852422483756,2023-04-07
722,2,tcfnn,Normal,Mixed_Full,mix,0,0.3463366829541476,2023-04-07
723,3,rr,Normal,Mixed_Full,mix,0,0.45695094869707154,2023-04-07
724,4,tcfnn,Normal,Spring,off,0,0.36508847343270245,2023-04-07
725,5,rr,Normal,Spring,off,0,0.477470268206706,2023-04-07
726,6,tcfnn,Normal,SprWrst,off,0,0.3978571627058316,2023-04-07
727,7,rr,Normal,SprWrst,off,0,0.5073112970261772,2023-04-07
728,8,tcfnn,Normal,Normal,on,0,0.3750697060277271,2023-04-07
729,9,rr,Normal,Normal,on,0,0.44940319676837726,2023-04-07
730,10,tcfnn,Normal,Wrist,off,0,0.42371857939133656,2023-04-07
731,11,rr,Normal,Wrist,off,0,0.5212054188433046,2023-04-07
732,12,tcfnn,Spring,Mixed,mix,0,0.3852521109152272,2023-04-07
733,13,rr,Spring,Mixed,mix,0,0.47576491536383386,2023-04-07
734,14,tcfnn,Spring,Mixed_Full,mix,0,0.3215590067701628,2023-04-07
735,15,rr,Spring,Mixed_Full,mix,0,0.4621565724974651,2023-04-07
736,16,tcfnn,Spring,Spring,on,0,0.30241854124318035,2023-04-07
737,17,rr,Spring,Spring,on,0,0.4544991518715814,2023-04-07
738,18,tcfnn,Spring,SprWrst,off,0,0.3530417819193918,2023-04-07
739,19,rr,Spring,SprWrst,off,0,0.5147509079864437,2023-04-07
740,20,tcfnn,Spring,Normal,off,0,0.4364395823421817,2023-04-07
741,21,rr,Spring,Normal,off,0,0.498641059069355,2023-04-07
742,22,tcfnn,Spring,Wrist,off,0,0.43743619527885697,2023-04-07
743,23,rr,Spring,Wrist,off,0,0.556933195527889,2023-04-07
744,24,tcfnn,Wrist,Mixed,mix,0,0.44869849843587706,2023-04-07
745,25,rr,Wrist,Mixed,mix,0,0.5868839349243472,2023-04-07
746,26,tcfnn,Wrist,Mixed_Full,mix,0,0.42313509487702744,2023-04-07
747,27,rr,Wrist,Mixed_Full,mix,0,0.571620257430629,2023-04-07
748,28,tcfnn,Wrist,Spring,off,0,0.49234086730576193,2023-04-07
749,29,rr,Wrist,Spring,off,0,0.6373546475942627,2023-04-07
750,30,tcfnn,Wrist,SprWrst,off,0,0.49987150015946114,2023-04-07
751,31,rr,Wrist,SprWrst,off,0,0.6354190444990219,2023-04-07
752,32,tcfnn,Wrist,Normal,off,0,0.4422478383655313,2023-04-07
753,33,rr,Wrist,Normal,off,0,0.6005676515204188,2023-04-07
754,34,tcfnn,Wrist,Wrist,on,0,0.37637908809430903,2023-04-07
755,35,rr,Wrist,Wrist,on,0,0.5594667674406698,2023-04-07
756,36,tcfnn,SprWrst,Mixed,mix,0,0.4331865770029687,2023-04-07
757,37,rr,SprWrst,Mixed,mix,0,0.5510641898840101,2023-04-07
758,38,tcfnn,SprWrst,Mixed_Full,mix,0,0.37743043809366583,2023-04-07
759,39,rr,SprWrst,Mixed_Full,mix,0,0.5383072344665094,2023-04-07
760,40,tcfnn,SprWrst,Spring,off,0,0.3902557434708316,2023-04-07
761,41,rr,SprWrst,Spring,off,0,0.5449505754398439,2023-04-07
762,42,tcfnn,SprWrst,SprWrst,on,0,0.35595440549838464,2023-04-07
763,43,rr,SprWrst,SprWrst,on,0,0.5387125097654504,2023-04-07
764,44,tcfnn,SprWrst,Normal,off,0,0.4956946307676493,2023-04-07
765,45,rr,SprWrst,Normal,off,0,0.5777849393321784,2023-04-07
766,46,tcfnn,SprWrst,Wrist,off,0,0.4658490277782258,2023-04-07
767,47,rr,SprWrst,Wrist,off,0,0.6177910783161293,2023-04-07
768,48,tcfnn,Normal,Mixed,mix,1,0.3501144173489308,2023-04-07
769,49,rr,Normal,Mixed,mix,1,0.46972126769280326,2023-04-07
770,50,tcfnn,Normal,Mixed_Full,mix,1,0.3190100125238774,2023-04-07
771,51,rr,Normal,Mixed_Full,mix,1,0.45515216955093407,2023-04-07
772,52,tcfnn,Normal,Spring,off,1,0.375949728369278,2023-04-07
773,53,rr,Normal,Spring,off,1,0.475788109440287,2023-04-07
774,54,tcfnn,Normal,SprWrst,off,1,0.3926669339395425,2023-04-07
775,55,rr,Normal,SprWrst,off,1,0.5062100571528206,2023-04-07
776,56,tcfnn,Normal,Normal,on,1,0.3356641080568432,2023-04-07
777,57,rr,Normal,Normal,on,1,0.44999448570894324,2023-04-07
778,58,tcfnn,Normal,Wrist,off,1,0.43596451251382007,2023-04-07
779,59,rr,Normal,Wrist,off,1,0.5167606167329601,2023-04-07
780,60,tcfnn,Spring,Mixed,mix,1,0.32545444321747435,2023-04-07
781,61,rr,Spring,Mixed,mix,1,0.48049397263078986,2023-04-07
782,62,tcfnn,Spring,Mixed_Full,mix,1,0.2958218663316968,2023-04-07
783,63,rr,Spring,Mixed_Full,mix,1,0.46275802131038707,2023-04-07
784,64,tcfnn,Spring,Spring,on,1,0.30013619001238606,2023-04-07
785,65,rr,Spring,Spring,on,1,0.4577119513844503,2023-04-07
786,66,tcfnn,Spring,SprWrst,off,1,0.3681463170984777,2023-04-07
787,67,rr,Spring,SprWrst,off,1,0.5122839820037183,2023-04-07
788,68,tcfnn,Spring,Normal,off,1,0.3883045214727215,2023-04-07
789,69,rr,Spring,Normal,off,1,0.4928741544403218,2023-04-07
790,70,tcfnn,Spring,Wrist,off,1,0.48471891020414287,2023-04-07
791,71,rr,Spring,Wrist,off,1,0.5461568627375045,2023-04-07
792,72,tcfnn,Wrist,Mixed,mix,1,0.40728819718010184,2023-04-07
793,73,rr,Wrist,Mixed,mix,1,0.5828544324914109,2023-04-07
794,74,tcfnn,Wrist,Mixed_Full,mix,1,0.3907413490308215,2023-04-07
795,75,rr,Wrist,Mixed_Full,mix,1,0.5727337331568368,2023-04-07
796,76,tcfnn,Wrist,Spring,off,1,0.5089598040494921,2023-04-07
797,77,rr,Wrist,Spring,off,1,0.6299934982715644,2023-04-07
798,78,tcfnn,Wrist,SprWrst,off,1,0.4731913415625325,2023-04-07
799,79,rr,Wrist,SprWrst,off,1,0.6407615377008163,2023-04-07
800,80,tcfnn,Wrist,Normal,off,1,0.42160446614506963,2023-04-07
801,81,rr,Wrist,Normal,off,1,0.6060126626226116,2023-04-07
802,82,tcfnn,Wrist,Wrist,on,1,0.41001961927889585,2023-04-07
803,83,rr,Wrist,Wrist,on,1,0.5605087737756574,2023-04-07
804,84,tcfnn,SprWrst,Mixed,mix,1,0.3927090407007395,2023-04-07
805,85,rr,SprWrst,Mixed,mix,1,0.5539288324551799,2023-04-07
806,86,tcfnn,SprWrst,Mixed_Full,mix,1,0.3567105252155247,2023-04-07
807,87,rr,SprWrst,Mixed_Full,mix,1,0.5390960776169005,2023-04-07
808,88,tcfnn,SprWrst,Spring,off,1,0.40135641916334996,2023-04-07
809,89,rr,SprWrst,Spring,off,1,0.5477654304891815,2023-04-07
810,90,tcfnn,SprWrst,SprWrst,on,1,0.35683666426224553,2023-04-07
811,91,rr,SprWrst,SprWrst,on,1,0.5400773596591818,2023-04-07
812,92,tcfnn,SprWrst,Normal,off,1,0.4395743662716101,2023-04-07
813,93,rr,SprWrst,Normal,off,1,0.5771646393591785,2023-04-07
814,94,tcfnn,SprWrst,Wrist,off,1,0.5300092446998212,2023-04-07
815,95,rr,SprWrst,Wrist,off,1,0.6154623968868775,2023-04-07
816,96,tcfnn,Normal,Mixed,mix,2,0.36246280506258194,2023-04-07
817,97,rr,Normal,Mixed,mix,2,0.4677625897321091,2023-04-07
818,98,tcfnn,Normal,Mixed_Full,mix,2,0.32031054732942404,2023-04-07
819,99,rr,Normal,Mixed_Full,mix,2,0.45669486648950225,2023-04-07
820,100,tcfnn,Normal,Spring,off,2,0.38205277173937274,2023-04-07
821,101,rr,Normal,Spring,off,2,0.4731132457258697,2023-04-07
822,102,tcfnn,Normal,SprWrst,off,2,0.39946185367452625,2023-04-07
823,103,rr,Normal,SprWrst,off,2,0.5078921080526646,2023-04-07
824,104,tcfnn,Normal,Normal,on,2,0.342317980591765,2023-04-07
825,105,rr,Normal,Normal,on,2,0.4542631041610889,2023-04-07
826,106,tcfnn,Normal,Wrist,off,2,0.40339323036693064,2023-04-07
827,107,rr,Normal,Wrist,off,2,0.5232898167116705,2023-04-07
828,108,tcfnn,Spring,Mixed,mix,2,0.35752742955540256,2023-04-07
829,109,rr,Spring,Mixed,mix,2,0.47977625723760026,2023-04-07
830,110,tcfnn,Spring,Mixed_Full,mix,2,0.3015126868153665,2023-04-07
831,111,rr,Spring,Mixed_Full,mix,2,0.4616842834301197,2023-04-07
832,112,tcfnn,Spring,Spring,on,2,0.3107033564657611,2023-04-07
833,113,rr,Spring,Spring,on,2,0.45783358685358827,2023-04-07
834,114,tcfnn,Spring,SprWrst,off,2,0.3812983623557467,2023-04-07
835,115,rr,Spring,SprWrst,off,2,0.5117770371002969,2023-04-07
836,116,tcfnn,Spring,Normal,off,2,0.3977330211178853,2023-04-07
837,117,rr,Spring,Normal,off,2,0.4870298746306057,2023-04-07
838,118,tcfnn,Spring,Wrist,off,2,0.43417332600231967,2023-04-07
839,119,rr,Spring,Wrist,off,2,0.547331947543339,2023-04-07
840,120,tcfnn,Wrist,Mixed,mix,2,0.41382436236155107,2023-04-07
841,121,rr,Wrist,Mixed,mix,2,0.577042571022902,2023-04-07
842,122,tcfnn,Wrist,Mixed_Full,mix,2,0.3790071633386173,2023-04-07
843,123,rr,Wrist,Mixed_Full,mix,2,0.5703271690505919,2023-04-07
844,124,tcfnn,Wrist,Spring,off,2,0.5020460578781668,2023-04-07
845,125,rr,Wrist,Spring,off,2,0.6319540683803038,2023-04-07
846,126,tcfnn,Wrist,SprWrst,off,2,0.4552858739102965,2023-04-07
847,127,rr,Wrist,SprWrst,off,2,0.6326011367046546,2023-04-07
848,128,tcfnn,Wrist,Normal,off,2,0.43270668074876767,2023-04-07
849,129,rr,Wrist,Normal,off,2,0.6049831203099341,2023-04-07
850,130,tcfnn,Wrist,Wrist,on,2,0.39003085058959164,2023-04-07
851,131,rr,Wrist,Wrist,on,2,0.5603526950268168,2023-04-07
852,132,tcfnn,SprWrst,Mixed,mix,2,0.4093624491018972,2023-04-07
853,133,rr,SprWrst,Mixed,mix,2,0.5516188099222419,2023-04-07
854,134,tcfnn,SprWrst,Mixed_Full,mix,2,0.37024930046943616,2023-04-07
855,135,rr,SprWrst,Mixed_Full,mix,2,0.5404369825313663,2023-04-07
856,136,tcfnn,SprWrst,Spring,off,2,0.3972376403377796,2023-04-07
857,137,rr,SprWrst,Spring,off,2,0.5466139773100267,2023-04-07
858,138,tcfnn,SprWrst,SprWrst,on,2,0.366606159898132,2023-04-07
859,139,rr,SprWrst,SprWrst,on,2,0.5386289884268497,2023-04-07
860,140,tcfnn,SprWrst,Normal,off,2,0.45144911467105214,2023-04-07
861,141,rr,SprWrst,Normal,off,2,0.582771327005031,2023-04-07
862,142,tcfnn,SprWrst,Wrist,off,2,0.47024412064068716,2023-04-07
863,143,rr,SprWrst,Wrist,off,2,0.6221801096070633,2023-04-07
864,144,tcfnn,Normal,Mixed,mix,3,0.35279565679886354,2023-04-07
865,145,rr,Normal,Mixed,mix,3,0.4665705220823225,2023-04-07
866,146,tcfnn,Normal,Mixed_Full,mix,3,0.3327409481006892,2023-04-07
867,147,rr,Normal,Mixed_Full,mix,3,0.458156176082984,2023-04-07
868,148,tcfnn,Normal,Spring,off,3,0.3604941808674422,2023-04-07
869,149,rr,Normal,Spring,off,3,0.47464920675997885,2023-04-07
870,150,tcfnn,Normal,SprWrst,off,3,0.40591663313657816,2023-04-07
871,151,rr,Normal,SprWrst,off,3,0.5125320398392109,2023-04-07
872,152,tcfnn,Normal,Normal,on,3,0.32655246543768385,2023-04-07
873,153,rr,Normal,Normal,on,3,0.4504176906603594,2023-04-07
874,154,tcfnn,Normal,Wrist,off,3,0.4251898205600557,2023-04-07
875,155,rr,Normal,Wrist,off,3,0.5273151061483217,2023-04-07
876,156,tcfnn,Spring,Mixed,mix,3,0.3457993740980515,2023-04-07
877,157,rr,Spring,Mixed,mix,3,0.4840605959110856,2023-04-07
878,158,tcfnn,Spring,Mixed_Full,mix,3,0.31989364271573373,2023-04-07
879,159,rr,Spring,Mixed_Full,mix,3,0.46260275521241234,2023-04-07
880,160,tcfnn,Spring,Spring,on,3,0.30187410306519613,2023-04-07
881,161,rr,Spring,Spring,on,3,0.45643296797848715,2023-04-07
882,162,tcfnn,Spring,SprWrst,off,3,0.3952101010168645,2023-04-07
883,163,rr,Spring,SprWrst,off,3,0.5247430878251551,2023-04-07
884,164,tcfnn,Spring,Normal,off,3,0.3696535868567952,2023-04-07
885,165,rr,Spring,Normal,off,3,0.48680021820846525,2023-04-07
886,166,tcfnn,Spring,Wrist,off,3,0.42671034376340505,2023-04-07
887,167,rr,Spring,Wrist,off,3,0.5523013464017338,2023-04-07
888,168,tcfnn,Wrist,Mixed,mix,3,0.39689151310812837,2023-04-07
889,169,rr,Wrist,Mixed,mix,3,0.5806303027317563,2023-04-07
890,170,tcfnn,Wrist,Mixed_Full,mix,3,0.4072496819238325,2023-04-07
891,171,rr,Wrist,Mixed_Full,mix,3,0.5697285809249105,2023-04-07
892,172,tcfnn,Wrist,Spring,off,3,0.49337892269922806,2023-04-07
893,173,rr,Wrist,Spring,off,3,0.6344506805464746,2023-04-07
894,174,tcfnn,Wrist,SprWrst,off,3,0.464697471668908,2023-04-07
895,175,rr,Wrist,SprWrst,off,3,0.6316536680295686,2023-04-07
896,176,tcfnn,Wrist,Normal,off,3,0.44249923600326996,2023-04-07
897,177,rr,Wrist,Normal,off,3,0.6062260059457505,2023-04-07
898,178,tcfnn,Wrist,Wrist,on,3,0.373328042404254,2023-04-07
899,179,rr,Wrist,Wrist,on,3,0.5560559152913622,2023-04-07
900,180,tcfnn,SprWrst,Mixed,mix,3,0.3903102306548223,2023-04-07
901,181,rr,SprWrst,Mixed,mix,3,0.5474756145521025,2023-04-07
902,182,tcfnn,SprWrst,Mixed_Full,mix,3,0.37137138017260773,2023-04-07
903,183,rr,SprWrst,Mixed_Full,mix,3,0.5374611773215839,2023-04-07
904,184,tcfnn,SprWrst,Spring,off,3,0.3881248937346517,2023-04-07
905,185,rr,SprWrst,Spring,off,3,0.5444443402935788,2023-04-07
906,186,tcfnn,SprWrst,SprWrst,on,3,0.36579878418937856,2023-04-07
907,187,rr,SprWrst,SprWrst,on,3,0.5415865055193283,2023-04-07
908,188,tcfnn,SprWrst,Normal,off,3,0.4416005437244157,2023-04-07
909,189,rr,SprWrst,Normal,off,3,0.5724963447172403,2023-04-07
910,190,tcfnn,SprWrst,Wrist,off,3,0.4823045244084869,2023-04-07
911,191,rr,SprWrst,Wrist,off,3,0.6160506561891883,2023-04-07
912,192,tcfnn,Normal,Mixed,mix,4,0.3681043585505446,2023-04-07
913,193,rr,Normal,Mixed,mix,4,0.4663008340522512,2023-04-07
914,194,tcfnn,Normal,Mixed_Full,mix,4,0.3155821320265058,2023-04-07
915,195,rr,Normal,Mixed_Full,mix,4,0.4573606085429666,2023-04-07
916,196,tcfnn,Normal,Spring,off,4,0.3807303088997814,2023-04-07
917,197,rr,Normal,Spring,off,4,0.47633776284688273,2023-04-07
918,198,tcfnn,Normal,SprWrst,off,4,0.44087328636275236,2023-04-07
919,199,rr,Normal,SprWrst,off,4,0.5052409521293818,2023-04-07
920,200,tcfnn,Normal,Normal,on,4,0.3232019850919241,2023-04-07
921,201,rr,Normal,Normal,on,4,0.45257799587955794,2023-04-07
922,202,tcfnn,Normal,Wrist,off,4,0.4438501788273174,2023-04-07
923,203,rr,Normal,Wrist,off,4,0.5282976655651122,2023-04-07
924,204,tcfnn,Spring,Mixed,mix,4,0.34399113068007825,2023-04-07
925,205,rr,Spring,Mixed,mix,4,0.482470370936523,2023-04-07
926,206,tcfnn,Spring,Mixed_Full,mix,4,0.30086522697312923,2023-04-07
927,207,rr,Spring,Mixed_Full,mix,4,0.46170506740914025,2023-04-07
928,208,tcfnn,Spring,Spring,on,4,0.3127953874739884,2023-04-07
929,209,rr,Spring,Spring,on,4,0.45930363012463793,2023-04-07
930,210,tcfnn,Spring,SprWrst,off,4,0.41944146612269284,2023-04-07
931,211,rr,Spring,SprWrst,off,4,0.5044375649438763,2023-04-07
932,212,tcfnn,Spring,Normal,off,4,0.3967075454873816,2023-04-07
933,213,rr,Spring,Normal,off,4,0.5079037081121951,2023-04-07
934,214,tcfnn,Spring,Wrist,off,4,0.43783818519935574,2023-04-07
935,215,rr,Spring,Wrist,off,4,0.547741449334641,2023-04-07
936,216,tcfnn,Wrist,Mixed,mix,4,0.4054758775027089,2023-04-07
937,217,rr,Wrist,Mixed,mix,4,0.5811629197087984,2023-04-07
938,218,tcfnn,Wrist,Mixed_Full,mix,4,0.39167335904761075,2023-04-07
939,219,rr,Wrist,Mixed_Full,mix,4,0.5706804192452053,2023-04-07
940,220,tcfnn,Wrist,Spring,off,4,0.5170539141482461,2023-04-07
941,221,rr,Wrist,Spring,off,4,0.6385904289331537,2023-04-07
942,222,tcfnn,Wrist,SprWrst,off,4,0.5121372339981102,2023-04-07
943,223,rr,Wrist,SprWrst,off,4,0.6304700733916266,2023-04-07
944,224,tcfnn,Wrist,Normal,off,4,0.41413304965939535,2023-04-07
945,225,rr,Wrist,Normal,off,4,0.6059973143981388,2023-04-07
946,226,tcfnn,Wrist,Wrist,on,4,0.41996561435224483,2023-04-07
947,227,rr,Wrist,Wrist,on,4,0.5604797962232567,2023-04-07
948,228,tcfnn,SprWrst,Mixed,mix,4,0.4076838198338905,2023-04-07
949,229,rr,SprWrst,Mixed,mix,4,0.553092612900691,2023-04-07
950,230,tcfnn,SprWrst,Mixed_Full,mix,4,0.3708856338640745,2023-04-07
951,231,rr,SprWrst,Mixed_Full,mix,4,0.5404370906096682,2023-04-07
952,232,tcfnn,SprWrst,Spring,off,4,0.3978802172504994,2023-04-07
953,233,rr,SprWrst,Spring,off,4,0.5461192962682303,2023-04-07
954,234,tcfnn,SprWrst,SprWrst,on,4,0.3877254175224169,2023-04-07
955,235,rr,SprWrst,SprWrst,on,4,0.5373477134264412,2023-04-07
956,236,tcfnn,SprWrst,Normal,off,4,0.4434549092607875,2023-04-07
957,237,rr,SprWrst,Normal,off,4,0.580354547587074,2023-04-07
958,238,tcfnn,SprWrst,Wrist,off,4,0.513556591661164,2023-04-07
959,239,rr,SprWrst,Wrist,off,4,0.6254151195733391,2023-04-07
960,0,tcfnn,Normal,Mixed,mix,0,0.4443993567897993,2023-04-11
961,1,rr,Normal,Mixed,mix,0,0.5236524034999028,2023-04-11
962,2,tcfnn,Normal,Mixed_Full,mix,0,0.38547648494132086,2023-04-11
963,3,rr,Normal,Mixed_Full,mix,0,0.5072171516279461,2023-04-11
964,4,tcfnn,Normal,SprWrst,off,0,0.45064653979843716,2023-04-11
965,5,rr,Normal,SprWrst,off,0,0.5521955011179551,2023-04-11
966,6,tcfnn,Normal,Wrist,off,0,0.4983847091752238,2023-04-11
967,7,rr,Normal,Wrist,off,0,0.5408168482189352,2023-04-11
968,8,tcfnn,Normal,Normal,on,0,0.4168698537876139,2023-04-11
969,9,rr,Normal,Normal,on,0,0.5058315326002507,2023-04-11
970,10,tcfnn,Normal,Spring,off,0,0.41893373031839476,2023-04-11
971,11,rr,Normal,Spring,off,0,0.539093499901828,2023-04-11
972,12,tcfnn,Spring,Mixed,mix,0,0.32843263298772424,2023-04-11
973,13,rr,Spring,Mixed,mix,0,0.4148413589297317,2023-04-11
974,14,tcfnn,Spring,Mixed_Full,mix,0,0.2929103968460386,2023-04-11
975,15,rr,Spring,Mixed_Full,mix,0,0.4042729727568254,2023-04-11
976,16,tcfnn,Spring,SprWrst,off,0,0.3145494757753049,2023-04-11
977,17,rr,Spring,SprWrst,off,0,0.429857852431792,2023-04-11
978,18,tcfnn,Spring,Wrist,off,0,0.4061913585705135,2023-04-11
979,19,rr,Spring,Wrist,off,0,0.45341539071426296,2023-04-11
980,20,tcfnn,Spring,Normal,off,0,0.3525125115531128,2023-04-11
981,21,rr,Spring,Normal,off,0,0.44205772383197545,2023-04-11
982,22,tcfnn,Spring,Spring,on,0,0.2823928897650537,2023-04-11
983,23,rr,Spring,Spring,on,0,0.41177989417620087,2023-04-11
984,24,tcfnn,Wrist,Mixed,mix,0,0.4938920282828457,2023-04-11
985,25,rr,Wrist,Mixed,mix,0,0.5876700686788915,2023-04-11
986,26,tcfnn,Wrist,Mixed_Full,mix,0,0.4339857831653606,2023-04-11
987,27,rr,Wrist,Mixed_Full,mix,0,0.5770377247653965,2023-04-11
988,28,tcfnn,Wrist,SprWrst,off,0,0.5090008209834196,2023-04-11
989,29,rr,Wrist,SprWrst,off,0,0.6222582011456685,2023-04-11
990,30,tcfnn,Wrist,Wrist,on,0,0.4930033401278511,2023-04-11
991,31,rr,Wrist,Wrist,on,0,0.5761836939828108,2023-04-11
992,32,tcfnn,Wrist,Normal,off,0,0.49959153075553203,2023-04-11
993,33,rr,Wrist,Normal,off,0,0.5942870648715378,2023-04-11
994,34,tcfnn,Wrist,Spring,off,0,0.46676295618521213,2023-04-11
995,35,rr,Wrist,Spring,off,0,0.6214875050790004,2023-04-11
996,36,tcfnn,SprWrst,Mixed,mix,0,0.4480031154795104,2023-04-11
997,37,rr,SprWrst,Mixed,mix,0,0.5323403779920285,2023-04-11
998,38,tcfnn,SprWrst,Mixed_Full,mix,0,0.39246257227728476,2023-04-11
999,39,rr,SprWrst,Mixed_Full,mix,0,0.5181249512669263,2023-04-11
1000,40,tcfnn,SprWrst,SprWrst,on,0,0.3751963055215148,2023-04-11
1001,41,rr,SprWrst,SprWrst,on,0,0.5039917117010073,2023-04-11
1002,42,tcfnn,SprWrst,Wrist,off,0,0.5132534773681864,2023-04-11
1003,43,rr,SprWrst,Wrist,off,0,0.5855633000373257,2023-04-11
1004,44,tcfnn,SprWrst,Normal,off,0,0.5291681623756419,2023-04-11
1005,45,rr,SprWrst,Normal,off,0,0.572375309192892,2023-04-11
1006,46,tcfnn,SprWrst,Spring,off,0,0.4093736468815187,2023-04-11
1007,47,rr,SprWrst,Spring,off,0,0.5480261587571303,2023-04-11
1008,48,tcfnn,Normal,Mixed,mix,1,0.40957133199603135,2023-04-11
1009,49,rr,Normal,Mixed,mix,1,0.5262155256992956,2023-04-11
1010,50,tcfnn,Normal,Mixed_Full,mix,1,0.3714510549297244,2023-04-11
1011,51,rr,Normal,Mixed_Full,mix,1,0.5066370059153159,2023-04-11
1012,52,tcfnn,Normal,SprWrst,off,1,0.47217761993641144,2023-04-11
1013,53,rr,Normal,SprWrst,off,1,0.5547988038528562,2023-04-11
1014,54,tcfnn,Normal,Wrist,off,1,0.44673179036609556,2023-04-11
1015,55,rr,Normal,Wrist,off,1,0.5411288097525916,2023-04-11
1016,56,tcfnn,Normal,Normal,on,1,0.39049298424051976,2023-04-11
1017,57,rr,Normal,Normal,on,1,0.5064291395555156,2023-04-11
1018,58,tcfnn,Normal,Spring,off,1,0.4605242056087973,2023-04-11
1019,59,rr,Normal,Spring,off,1,0.5362711535678867,2023-04-11
1020,60,tcfnn,Spring,Mixed,mix,1,0.3080207934030417,2023-04-11
1021,61,rr,Spring,Mixed,mix,1,0.4170589109160869,2023-04-11
1022,62,tcfnn,Spring,Mixed_Full,mix,1,0.28053114900398934,2023-04-11
1023,63,rr,Spring,Mixed_Full,mix,1,0.4054901110315023,2023-04-11
1024,64,tcfnn,Spring,SprWrst,off,1,0.32570279457814044,2023-04-11
1025,65,rr,Spring,SprWrst,off,1,0.4329660744049783,2023-04-11
1026,66,tcfnn,Spring,Wrist,off,1,0.35691925182338236,2023-04-11
1027,67,rr,Spring,Wrist,off,1,0.452894350646824,2023-04-11
1028,68,tcfnn,Spring,Normal,off,1,0.3407930613314737,2023-04-11
1029,69,rr,Spring,Normal,off,1,0.44038600412096013,2023-04-11
1030,70,tcfnn,Spring,Spring,on,1,0.28725978982887806,2023-04-11
1031,71,rr,Spring,Spring,on,1,0.4114009827053357,2023-04-11
1032,72,tcfnn,Wrist,Mixed,mix,1,0.4414461302857254,2023-04-11
1033,73,rr,Wrist,Mixed,mix,1,0.589697267306216,2023-04-11
1034,74,tcfnn,Wrist,Mixed_Full,mix,1,0.4192202659915319,2023-04-11
1035,75,rr,Wrist,Mixed_Full,mix,1,0.5777192704222276,2023-04-11
1036,76,tcfnn,Wrist,SprWrst,off,1,0.5218888384324489,2023-04-11
1037,77,rr,Wrist,SprWrst,off,1,0.6241051932569922,2023-04-11
1038,78,tcfnn,Wrist,Wrist,on,1,0.4451242897996893,2023-04-11
1039,79,rr,Wrist,Wrist,on,1,0.5719312584188917,2023-04-11
1040,80,tcfnn,Wrist,Normal,off,1,0.45095234897737446,2023-04-11
1041,81,rr,Wrist,Normal,off,1,0.595923000927138,2023-04-11
1042,82,tcfnn,Wrist,Spring,off,1,0.4923675571142318,2023-04-11
1043,83,rr,Wrist,Spring,off,1,0.6221621961494334,2023-04-11
1044,84,tcfnn,SprWrst,Mixed,mix,1,0.410666527440709,2023-04-11
1045,85,rr,SprWrst,Mixed,mix,1,0.53323467620821,2023-04-11
1046,86,tcfnn,SprWrst,Mixed_Full,mix,1,0.3746074400292961,2023-04-11
1047,87,rr,SprWrst,Mixed_Full,mix,1,0.5183422196633533,2023-04-11
1048,88,tcfnn,SprWrst,SprWrst,on,1,0.35753347990088025,2023-04-11
1049,89,rr,SprWrst,SprWrst,on,1,0.5063749655098863,2023-04-11
1050,90,tcfnn,SprWrst,Wrist,off,1,0.4815571799766551,2023-04-11
1051,91,rr,SprWrst,Wrist,off,1,0.5836988672686934,2023-04-11
1052,92,tcfnn,SprWrst,Normal,off,1,0.46811213190804557,2023-04-11
1053,93,rr,SprWrst,Normal,off,1,0.5661530789728096,2023-04-11
1054,94,tcfnn,SprWrst,Spring,off,1,0.4194363088591566,2023-04-11
1055,95,rr,SprWrst,Spring,off,1,0.5451875431324118,2023-04-11
1056,96,tcfnn,Normal,Mixed,mix,2,0.40584151337274105,2023-04-11
1057,97,rr,Normal,Mixed,mix,2,0.5235621638573256,2023-04-11
1058,98,tcfnn,Normal,Mixed_Full,mix,2,0.40370591186482296,2023-04-11
1059,99,rr,Normal,Mixed_Full,mix,2,0.5059544886773587,2023-04-11
1060,100,tcfnn,Normal,SprWrst,off,2,0.43122677943199716,2023-04-11
1061,101,rr,Normal,SprWrst,off,2,0.5544360749472821,2023-04-11
1062,102,tcfnn,Normal,Wrist,off,2,0.4612857808567015,2023-04-11
1063,103,rr,Normal,Wrist,off,2,0.5390820687437979,2023-04-11
1064,104,tcfnn,Normal,Normal,on,2,0.36906262060632167,2023-04-11
1065,105,rr,Normal,Normal,on,2,0.5060137251904107,2023-04-11
1066,106,tcfnn,Normal,Spring,off,2,0.4055787196668652,2023-04-11
1067,107,rr,Normal,Spring,off,2,0.5380862115145865,2023-04-11
1068,108,tcfnn,Spring,Mixed,mix,2,0.3109174377333142,2023-04-11
1069,109,rr,Spring,Mixed,mix,2,0.41851115012101503,2023-04-11
1070,110,tcfnn,Spring,Mixed_Full,mix,2,0.2964304392653816,2023-04-11
1071,111,rr,Spring,Mixed_Full,mix,2,0.4034314024303652,2023-04-11
1072,112,tcfnn,Spring,SprWrst,off,2,0.30565580406749737,2023-04-11
1073,113,rr,Spring,SprWrst,off,2,0.42466216289305686,2023-04-11
1074,114,tcfnn,Spring,Wrist,off,2,0.3672113054039688,2023-04-11
1075,115,rr,Spring,Wrist,off,2,0.4536482418212814,2023-04-11
1076,116,tcfnn,Spring,Normal,off,2,0.3340824621800636,2023-04-11
1077,117,rr,Spring,Normal,off,2,0.44329181308175747,2023-04-11
1078,118,tcfnn,Spring,Spring,on,2,0.28866036712582327,2023-04-11
1079,119,rr,Spring,Spring,on,2,0.41020004498265095,2023-04-11
1080,120,tcfnn,Wrist,Mixed,mix,2,0.44885638208795653,2023-04-11
1081,121,rr,Wrist,Mixed,mix,2,0.5906517992086731,2023-04-11
1082,122,tcfnn,Wrist,Mixed_Full,mix,2,0.4345586122559714,2023-04-11
1083,123,rr,Wrist,Mixed_Full,mix,2,0.5778812085042142,2023-04-11
1084,124,tcfnn,Wrist,SprWrst,off,2,0.5100937308802339,2023-04-11
1085,125,rr,Wrist,SprWrst,off,2,0.6200193446221869,2023-04-11
1086,126,tcfnn,Wrist,Wrist,on,2,0.4668814995250172,2023-04-11
1087,127,rr,Wrist,Wrist,on,2,0.5713877871901425,2023-04-11
1088,128,tcfnn,Wrist,Normal,off,2,0.4443229277558707,2023-04-11
1089,129,rr,Wrist,Normal,off,2,0.5974480384339469,2023-04-11
1090,130,tcfnn,Wrist,Spring,off,2,0.47472146239028185,2023-04-11
1091,131,rr,Wrist,Spring,off,2,0.6228925035498498,2023-04-11
1092,132,tcfnn,SprWrst,Mixed,mix,2,0.4021878284001749,2023-04-11
1093,133,rr,SprWrst,Mixed,mix,2,0.5276533667873382,2023-04-11
1094,134,tcfnn,SprWrst,Mixed_Full,mix,2,0.3819288658112323,2023-04-11
1095,135,rr,SprWrst,Mixed_Full,mix,2,0.5178115330936441,2023-04-11
1096,136,tcfnn,SprWrst,SprWrst,on,2,0.3634568168598309,2023-04-11
1097,137,rr,SprWrst,SprWrst,on,2,0.5030338463453493,2023-04-11
1098,138,tcfnn,SprWrst,Wrist,off,2,0.5058182578826845,2023-04-11
1099,139,rr,SprWrst,Wrist,off,2,0.5751122155387085,2023-04-11
1100,140,tcfnn,SprWrst,Normal,off,2,0.4739755436534285,2023-04-11
1101,141,rr,SprWrst,Normal,off,2,0.5710126057853115,2023-04-11
1102,142,tcfnn,SprWrst,Spring,off,2,0.4152997643631633,2023-04-11
1103,143,rr,SprWrst,Spring,off,2,0.5454704369451253,2023-04-11
1104,144,tcfnn,Normal,Mixed,mix,3,0.40383621137994774,2023-04-11
1105,145,rr,Normal,Mixed,mix,3,0.5256713116245568,2023-04-11
1106,146,tcfnn,Normal,Mixed_Full,mix,3,0.40332731839524427,2023-04-11
1107,147,rr,Normal,Mixed_Full,mix,3,0.5072168841852354,2023-04-11
1108,148,tcfnn,Normal,SprWrst,off,3,0.4824818923150175,2023-04-11
1109,149,rr,Normal,SprWrst,off,3,0.5533105163890301,2023-04-11
1110,150,tcfnn,Normal,Wrist,off,3,0.46016920832564,2023-04-11
1111,151,rr,Normal,Wrist,off,3,0.5439371826224142,2023-04-11
1112,152,tcfnn,Normal,Normal,on,3,0.38002887505166655,2023-04-11
1113,153,rr,Normal,Normal,on,3,0.5046286624387342,2023-04-11
1114,154,tcfnn,Normal,Spring,off,3,0.43087936287989326,2023-04-11
1115,155,rr,Normal,Spring,off,3,0.5379726304514127,2023-04-11
1116,156,tcfnn,Spring,Mixed,mix,3,0.2950656925346997,2023-04-11
1117,157,rr,Spring,Mixed,mix,3,0.4185829842662647,2023-04-11
1118,158,tcfnn,Spring,Mixed_Full,mix,3,0.28732615276305923,2023-04-11
1119,159,rr,Spring,Mixed_Full,mix,3,0.40410104310921796,2023-04-11
1120,160,tcfnn,Spring,SprWrst,off,3,0.31466798983253325,2023-04-11
1121,161,rr,Spring,SprWrst,off,3,0.4278568668503984,2023-04-11
1122,162,tcfnn,Spring,Wrist,off,3,0.375716611843809,2023-04-11
1123,163,rr,Spring,Wrist,off,3,0.45281994238730355,2023-04-11
1124,164,tcfnn,Spring,Normal,off,3,0.3343823231878549,2023-04-11
1125,165,rr,Spring,Normal,off,3,0.4426107319722957,2023-04-11
1126,166,tcfnn,Spring,Spring,on,3,0.27351241541831034,2023-04-11
1127,167,rr,Spring,Spring,on,3,0.41102342542731557,2023-04-11
1128,168,tcfnn,Wrist,Mixed,mix,3,0.4459632317591247,2023-04-11
1129,169,rr,Wrist,Mixed,mix,3,0.5901922812187722,2023-04-11
1130,170,tcfnn,Wrist,Mixed_Full,mix,3,0.4196638243892545,2023-04-11
1131,171,rr,Wrist,Mixed_Full,mix,3,0.5766758204938506,2023-04-11
1132,172,tcfnn,Wrist,SprWrst,off,3,0.5092257372726119,2023-04-11
1133,173,rr,Wrist,SprWrst,off,3,0.6219940544149661,2023-04-11
1134,174,tcfnn,Wrist,Wrist,on,3,0.44085098697558134,2023-04-11
1135,175,rr,Wrist,Wrist,on,3,0.5700428394651503,2023-04-11
1136,176,tcfnn,Wrist,Normal,off,3,0.45831048092407756,2023-04-11
1137,177,rr,Wrist,Normal,off,3,0.5973437352336498,2023-04-11
1138,178,tcfnn,Wrist,Spring,off,3,0.4753931301465866,2023-04-11
1139,179,rr,Wrist,Spring,off,3,0.6205856060628253,2023-04-11
1140,180,tcfnn,SprWrst,Mixed,mix,3,0.3937904346055268,2023-04-11
1141,181,rr,SprWrst,Mixed,mix,3,0.5261280920951981,2023-04-11
1142,182,tcfnn,SprWrst,Mixed_Full,mix,3,0.3645544710737552,2023-04-11
1143,183,rr,SprWrst,Mixed_Full,mix,3,0.5157198222238455,2023-04-11
1144,184,tcfnn,SprWrst,SprWrst,on,3,0.3567798887339225,2023-04-11
1145,185,rr,SprWrst,SprWrst,on,3,0.5032399384567242,2023-04-11
1146,186,tcfnn,SprWrst,Wrist,off,3,0.5033624803801751,2023-04-11
1147,187,rr,SprWrst,Wrist,off,3,0.5742702083335477,2023-04-11
1148,188,tcfnn,SprWrst,Normal,off,3,0.4617147523199965,2023-04-11
1149,189,rr,SprWrst,Normal,off,3,0.573276574850931,2023-04-11
1150,190,tcfnn,SprWrst,Spring,off,3,0.4035249619260235,2023-04-11
1151,191,rr,SprWrst,Spring,off,3,0.5467237890299379,2023-04-11
1152,192,tcfnn,Normal,Mixed,mix,4,0.3965210335901153,2023-04-11
1153,193,rr,Normal,Mixed,mix,4,0.525427966881671,2023-04-11
1154,194,tcfnn,Normal,Mixed_Full,mix,4,0.3783251455965252,2023-04-11
1155,195,rr,Normal,Mixed_Full,mix,4,0.5081472376035647,2023-04-11
1156,196,tcfnn,Normal,SprWrst,off,4,0.4439149000542021,2023-04-11
1157,197,rr,Normal,SprWrst,off,4,0.5594655644128793,2023-04-11
1158,198,tcfnn,Normal,Wrist,off,4,0.43754053708462254,2023-04-11
1159,199,rr,Normal,Wrist,off,4,0.5456968375003891,2023-04-11
1160,200,tcfnn,Normal,Normal,on,4,0.3838292944675471,2023-04-11
1161,201,rr,Normal,Normal,on,4,0.5052048983390102,2023-04-11
1162,202,tcfnn,Normal,Spring,off,4,0.43511973086120465,2023-04-11
1163,203,rr,Normal,Spring,off,4,0.5355342909634805,2023-04-11
1164,204,tcfnn,Spring,Mixed,mix,4,0.3049115518067025,2023-04-11
1165,205,rr,Spring,Mixed,mix,4,0.41888150350953995,2023-04-11
1166,206,tcfnn,Spring,Mixed_Full,mix,4,0.28841006888136167,2023-04-11
1167,207,rr,Spring,Mixed_Full,mix,4,0.40432103015219295,2023-04-11
1168,208,tcfnn,Spring,SprWrst,off,4,0.30841315176641276,2023-04-11
1169,209,rr,Spring,SprWrst,off,4,0.4293492850981346,2023-04-11
1170,210,tcfnn,Spring,Wrist,off,4,0.3472103022188569,2023-04-11
1171,211,rr,Spring,Wrist,off,4,0.45102146666020626,2023-04-11
1172,212,tcfnn,Spring,Normal,off,4,0.33774552681912773,2023-04-11
1173,213,rr,Spring,Normal,off,4,0.4453401804907775,2023-04-11
1174,214,tcfnn,Spring,Spring,on,4,0.2877154075286424,2023-04-11
1175,215,rr,Spring,Spring,on,4,0.4096439175902441,2023-04-11
1176,216,tcfnn,Wrist,Mixed,mix,4,0.4521583005884656,2023-04-11
1177,217,rr,Wrist,Mixed,mix,4,0.5924282391551169,2023-04-11
1178,218,tcfnn,Wrist,Mixed_Full,mix,4,0.41533332847384424,2023-04-11
1179,219,rr,Wrist,Mixed_Full,mix,4,0.5785426274868883,2023-04-11
1180,220,tcfnn,Wrist,SprWrst,off,4,0.4977857633635248,2023-04-11
1181,221,rr,Wrist,SprWrst,off,4,0.6296278222334551,2023-04-11
1182,222,tcfnn,Wrist,Wrist,on,4,0.4236947249032598,2023-04-11
1183,223,rr,Wrist,Wrist,on,4,0.5703429414723427,2023-04-11
1184,224,tcfnn,Wrist,Normal,off,4,0.4752498551011578,2023-04-11
1185,225,rr,Wrist,Normal,off,4,0.5984921882044686,2023-04-11
1186,226,tcfnn,Wrist,Spring,off,4,0.48233380613268323,2023-04-11
1187,227,rr,Wrist,Spring,off,4,0.6195213918728136,2023-04-11
1188,228,tcfnn,SprWrst,Mixed,mix,4,0.3966844810997019,2023-04-11
1189,229,rr,SprWrst,Mixed,mix,4,0.5257417664265875,2023-04-11
1190,230,tcfnn,SprWrst,Mixed_Full,mix,4,0.37891105273915865,2023-04-11
1191,231,rr,SprWrst,Mixed_Full,mix,4,0.5175714944882879,2023-04-11
1192,232,tcfnn,SprWrst,SprWrst,on,4,0.35043878937354656,2023-04-11
1193,233,rr,SprWrst,SprWrst,on,4,0.5052088083203529,2023-04-11
1194,234,tcfnn,SprWrst,Wrist,off,4,0.46466529785733485,2023-04-11
1195,235,rr,SprWrst,Wrist,off,4,0.5777397435549273,2023-04-11
1196,236,tcfnn,SprWrst,Normal,off,4,0.49409795275228946,2023-04-11
1197,237,rr,SprWrst,Normal,off,4,0.573013999622969,2023-04-11
1198,238,tcfnn,SprWrst,Spring,off,4,0.42083683354530294,2023-04-11
1199,239,rr,SprWrst,Spring,off,4,0.5436123097737661,2023-04-11
